,Name,PuntV,LeagV,g,m/g,p/g,a/g,3/g,r/g,s/g,b/g,wft,wfg,neg to/g
0,Nikola Jokic,1.206958623,0.846672232,69,33.66763285,24.49275362,9.826086957,0.826086957,11.84057971,1.260869565,0.68115942,0.2292970682714647,2.3165042468996337,-3.579710145
1,Joel Embiid,1.165125359,0.830444328,66,34.60833333,33.07575758,4.151515152,1.0,10.15151515,1.0,1.696969697,0.8617150289012739,1.4587249852121078,-3.424242424
2,Shai Gilgeous-Alexander,0.988253593,0.754201754,68,35.52990196,31.39705882,5.455882353,0.852941176,4.838235294,1.647058824,0.955882353,1.3227529000784428,0.6921171564917902,-2.823529412
3,Anthony Davis,0.83958899,0.708996485,56,34.00863095,25.91071429,2.642857143,0.339285714,12.53571429,1.053571429,2.035714286,0.0017532280872073595,1.5067954813965316,-2.178571429
4,Kevin Durant,0.984244719,0.683828255,47,35.56843972,29.06382979,5.0,1.978723404,6.659574468,0.723404255,1.425531915,0.9636185738571985,1.5521305749495613,-3.319148936
5,Stephen Curry,0.871317786,0.599991599,56,34.6639881,29.42857143,6.285714286,4.875,6.089285714,0.928571429,0.357142857,0.657480241689841,0.35779551794803893,-3.196428571
6,Damian Lillard,0.867817,0.583847909,58,36.3204023,32.17241379,7.327586207,4.206896552,4.775862069,0.862068966,0.310344828,1.2546903118343826,-0.2721804806441532,-3.293103448
7,Tyrese Haliburton,0.729055119,0.565008068,56,33.62470238,20.71428571,10.44642857,2.875,3.660714286,1.625,0.446428571,0.31256975146146604,0.21320984343422292,-2.517857143
8,Kyrie Irving,0.654393431,0.550476356,60,37.34083333,27.05,5.516666667,3.133333333,5.066666667,1.1,0.75,0.5514565823441355,0.3622972698520088,-2.133333333
9,Jimmy Butler,0.559522383,0.540989229,64,33.40833333,22.90625,5.3125,0.5625,5.859375,1.828125,0.328125,0.5800425874390288,0.8840944271132982,-1.578125
10,Jayson Tatum,0.727032384,0.514611423,74,36.92207207,30.06756757,4.621621622,3.243243243,8.77027027,1.054054054,0.689189189,0.5895138886631386,-0.1974311223195984,-2.878378378
11,Jaren Jackson Jr.,0.524165089,0.493345609,63,28.37248677,18.61904762,0.952380952,1.587301587,6.761904762,1.031746032,3.0,0.019521065352663083,0.39647575939725227,-1.698412698
12,Kawhi Leonard,0.51748981,0.488234989,52,33.60801282,23.82692308,3.923076923,2.0,6.5,1.384615385,0.538461538,0.46896190298271356,0.6090168055128996,-1.692307692
13,Kristaps Porzingis,0.5575239,0.467826544,65,32.60846154,23.15384615,2.676923077,2.107692308,8.4,0.892307692,1.538461538,0.43135284394779494,0.3498704101545021,-2.107692308
14,Donovan Mitchell,0.595817177,0.429157814,68,35.76911765,28.26470588,4.426470588,3.602941176,4.25,1.455882353,0.397058824,0.4507197428185955,0.17756400656508006,-2.647058824
15,Luka Doncic,0.712441443,0.407634216,66,36.21994949,32.39393939,8.015151515,2.803030303,8.621212121,1.363636364,0.5,-0.43624974754071305,0.4502522106401074,-3.575757576
16,James Harden,0.671604699,0.400140348,58,36.81034483,20.96551724,10.65517241,2.775862069,6.103448276,1.224137931,0.534482759,0.5195496742545412,-0.5092404347335466,-3.362068966
17,Fred VanVleet,0.416371,0.352967063,69,36.73888889,19.34782609,7.173913043,3.0,4.057971014,1.782608696,0.550724638,0.4674169330067747,-1.3329541540027106,-2.028985507
18,Lauri Markkanen,0.396452404,0.349381127,66,34.43282828,25.62121212,1.863636364,3.03030303,8.636363636,0.636363636,0.575757576,0.5508863679263126,0.39891208887565427,-1.924242424
19,Myles Turner,0.302472959,0.301290075,62,29.43817204,17.9516129,1.435483871,1.5,7.516129032,0.580645161,2.258064516,-0.004246661237709127,0.8599178658598468,-1.661290323
20,Domantas Sabonis,0.47428311,0.285495075,79,34.62890295,19.11392405,7.253164557,0.392405063,12.3164557,0.82278481,0.493670886,-0.23038536163019377,1.6556613808099907,-2.911392405
21,Brook Lopez,0.227987922,0.274105458,78,30.41666667,15.88461538,1.269230769,1.743589744,6.666666667,0.474358974,2.474358974,0.0015781445475044128,0.6326844732548542,-1.371794872
22,LeBron James,0.507151054,0.270904547,55,35.52515152,28.90909091,6.818181818,2.2,8.309090909,0.909090909,0.581818182,-0.09499979107532476,0.5295764038664111,-3.236363636
23,Nicolas Claxton,0.207893831,0.270888428,76,29.8754386,12.64473684,1.894736842,0.0,9.236842105,0.855263158,2.486842105,-0.7862685958144524,1.7732435323344564,-1.263157895
24,Paul George,0.478434669,0.257983648,56,34.62410714,23.78571429,5.142857143,2.821428571,6.107142857,1.482142857,0.357142857,0.4577246250509254,-0.3321192867674526,-3.142857143
25,Nikola Vucevic,0.244773967,0.245441541,82,33.49004065,17.64634146,3.231707317,1.475609756,11.01219512,0.731707317,0.695121951,0.0999646382160495,0.6207452477719768,-1.695121951
26,O.G. Anunoby,0.253521852,0.216143457,67,35.60646766,16.7761194,1.955223881,2.119402985,4.955223881,1.910447761,0.746268657,0.13649308022648848,0.00013629355880753787,-1.970149254
27,DeMar DeRozan,0.255731752,0.204975717,74,36.23783784,24.54054054,5.094594595,0.621621622,4.635135135,1.121621622,0.486486486,0.6242801435160199,0.5022735952440105,-2.067567568
28,Devin Booker,0.334449469,0.184861942,53,34.63081761,27.75471698,5.528301887,2.094339623,4.528301887,0.962264151,0.339622642,0.48084092411002805,0.36665053782715806,-2.735849057
29,LaMelo Ball,0.45778457,0.180251331,36,35.2162037,23.27777778,8.444444444,4.0,6.416666667,1.277777778,0.305555556,0.1779265549990239,-1.304909495359878,-3.583333333
30,Chris Paul,0.201524219,0.175038482,59,32.01045198,13.88135593,8.881355932,1.661016949,4.254237288,1.542372881,0.372881356,0.1293216104968614,-0.4027942260945836,-1.93220339
31,Mikal Bridges,0.138703652,0.173399196,83,35.69919679,20.13253012,3.289156627,2.036144578,4.385542169,1.096385542,0.734939759,0.47472749868927283,-0.11694820218100267,-1.530120482
32,Jarrett Allen,0.094503067,0.156011383,68,32.64779412,14.25,1.661764706,0.014705882,9.794117647,0.794117647,1.235294118,-0.1642256919327602,1.547270126696081,-1.367647059
33,Dejounte Murray,0.212160716,0.153494451,74,36.39662162,20.47297297,6.054054054,1.797297297,5.256756757,1.513513514,0.256756757,0.1232850711653607,-0.2086876655929639,-2.162162162
34,Bam Adebayo,0.261330669,0.152558839,75,34.64088889,20.38666667,3.2,0.013333333,9.173333333,1.173333333,0.813333333,0.12010416176627826,0.9609969459728896,-2.493333333
35,Desmond Bane,0.208605522,0.148952347,58,31.74913793,21.5,4.379310345,2.862068966,5.017241379,0.965517241,0.379310345,0.35120095586015204,0.057268157284424304,-2.172413793
36,Jrue Holiday,0.3068078,0.132731558,67,32.57562189,19.25373134,7.388059701,2.358208955,5.089552239,1.179104478,0.373134328,0.19864790805312132,0.05019548405093611,-2.940298507
37,Karl-Anthony Towns,0.304788761,0.127537344,29,33.00172414,20.75862069,4.827586207,2.068965517,8.137931034,0.689655172,0.586206897,0.4213462556057544,0.28972952701762134,-2.965517241
38,Anthony Edwards,0.341636039,0.11810262,79,35.9685654,24.63291139,4.430379747,2.696202532,5.797468354,1.582278481,0.734177215,-0.14763849020776423,-0.32971362258953474,-3.278481013
39,Clint Capela,-0.04308511,0.106082502,65,26.61820513,11.98461538,0.892307692,0.0,11.03076923,0.692307692,1.215384615,-0.36379550713739756,1.4619538392406144,-0.830769231
40,De'Aaron Fox,0.19025876,0.09125502,73,33.35890411,25.01369863,6.123287671,1.630136986,4.191780822,1.136986301,0.315068493,-0.02421326710285913,0.6691611117721649,-2.479452055
41,Pascal Siakam,0.15962639,0.07739452,71,37.34882629,24.22535211,5.845070423,1.309859155,7.830985915,0.915492958,0.507042254,-0.06209435471968748,0.07621530915194123,-2.38028169
42,Trey Murphy,-0.092235647,0.070294817,79,30.98670886,14.53164557,1.417721519,2.556962025,3.556962025,1.126582278,0.544303797,0.29269740953622103,0.08156053944946855,-0.772151899
43,Jalen Brunson,0.104417791,0.067688385,68,34.98210784,24.01470588,6.191176471,1.970588235,3.544117647,0.897058824,0.220588235,0.26240351368691195,0.2726971067662211,-2.088235294
44,Jaylen Brown,0.227176384,0.061948077,67,35.89452736,26.62686567,3.462686567,2.432835821,6.850746269,1.119402985,0.388059701,-0.09769483005283006,0.3151130670258561,-2.940298507
45,Darius Garland,0.215647755,0.059281693,69,35.46642512,21.5942029,7.797101449,2.449275362,2.68115942,1.231884058,0.130434783,0.36922300594229734,-0.21827054732294882,-2.884057971
46,Buddy Hield,0.03988709,0.057607265,80,31.02354167,16.8,2.8125,3.6,5.0,1.15,0.325,0.06150521641028426,-0.23465425982918622,-1.7375
47,Zach LaVine,0.15659516,0.055935939,77,35.9474026,24.84415584,4.246753247,2.649350649,4.480519481,0.896103896,0.233766234,0.3588984820884869,0.16537786151699466,-2.519480519
48,Trae Young,0.393037766,0.051758768,73,34.80547945,26.21917808,10.15068493,2.109589041,2.97260274,1.095890411,0.123287671,0.8945679788546214,-0.8796889901932959,-4.109589041
49,Mitchell Robinson,-0.137641564,0.040345586,59,26.96779661,7.372881356,0.898305085,0.0,9.406779661,0.949152542,1.847457627,-0.620248204936366,0.9289008270678879,-0.694915254
50,Evan Mobley,0.035489601,0.038789214,79,34.36940928,16.16455696,2.835443038,0.278481013,9.0,0.759493671,1.506329114,-0.42029174108871914,0.9432403291489949,-1.848101266
51,Cam Johnson,-0.120968172,0.03008837,42,28.56587302,15.47619048,1.857142857,2.452380952,4.404761905,1.19047619,0.333333333,0.1660114596112509,-0.059044168124604,-0.880952381
52,Bradley Beal,0.184568876,0.02950702,50,33.45833333,23.2,5.42,1.6,3.92,0.9,0.66,0.26695428731280396,0.526780056571136,-2.9
53,Deandre Ayton,0.003219725,0.017796157,67,30.37985075,17.95522388,1.71641791,0.104477612,9.955223881,0.552238806,0.791044776,-0.0703362869678129,1.4933991024903517,-1.791044776
54,Walker Kessler,-0.156905681,0.011242351,74,23.01756757,9.175675676,0.932432432,0.013513514,8.378378378,0.351351351,2.337837838,-0.5754927351639972,1.3657013330117036,-0.783783784
55,Tobias Harris,-0.0998979,0.005445204,74,32.91711712,14.66216216,2.513513514,1.702702703,5.72972973,0.918918919,0.540540541,0.1610867206102626,0.2842833416845589,-1.202702703
56,Delon Wright,-0.149057276,0.00524866,50,24.423,7.38,3.88,0.82,3.6,1.84,0.34,0.09972481304021152,-0.008550119691935485,-0.88
57,Rudy Gobert,-0.018671889,0.004832691,70,30.69214286,13.41428571,1.242857143,0.0,11.62857143,0.8,1.357142857,-0.6773043300554136,1.4324291457015301,-1.742857143
58,Jamal Murray,0.05142888,0.0013734,65,32.82102564,19.96923077,6.153846154,2.646153846,3.953846154,1.015384615,0.246153846,0.1653917877382959,-0.3415296742449868,-2.230769231
59,Brandon Ingram,0.205553889,-0.004262284,45,34.18222222,24.71111111,5.822222222,1.422222222,5.466666667,0.711111111,0.422222222,0.5971323884845661,0.15097613236886095,-3.288888889
60,Andrew Wiggins,-0.097921267,-0.005549244,37,32.16936937,17.10810811,2.297297297,2.405405405,5.027027027,1.216216216,0.756756757,-0.3355813851333028,-0.04440890277794002,-1.297297297
61,Gary Trent,-0.178965909,-0.015046074,66,32.08964646,17.39393939,1.606060606,2.515151515,2.621212121,1.575757576,0.212121212,0.17226750670425692,-0.6026615704915881,-0.833333333
62,Al Horford,-0.217457378,-0.016095363,63,30.50952381,9.777777778,3.0,2.301587302,6.19047619,0.476190476,0.968253968,-0.02309231402129337,0.002248656143686278,-0.587301587
63,Klay Thompson,-0.038067026,-0.017765984,69,33.02705314,21.86956522,2.362318841,4.362318841,4.144927536,0.710144928,0.420289855,0.18216999154651045,-0.718424104999593,-1.782608696
64,Jakob Poeltl,-0.047432804,-0.019823195,72,26.47384259,12.45833333,2.736111111,0.0,9.069444444,0.916666667,1.194444444,-0.5346679706439044,1.3197213291779961,-1.736111111
65,Zion Williamson,0.205181967,-0.021430107,29,32.97011494,26.0,4.586206897,0.24137931,6.965517241,1.103448276,0.551724138,-0.5973634077642292,2.134435321913207,-3.413793103
66,Kris Dunn,-0.074702072,-0.024489152,22,25.7969697,13.18181818,5.636363636,0.772727273,4.545454545,1.136363636,0.454545455,-0.024037307138062187,0.6022584680886752,-1.590909091
67,Robert Williams,-0.168926267,-0.024737338,35,23.53095238,7.971428571,1.428571429,0.0,8.342857143,0.628571429,1.371428571,-0.2036019680243526,1.3180485038413075,-0.971428571
68,Jerami Grant,-0.038875017,-0.026391785,63,35.64338624,20.47619048,2.380952381,2.285714286,4.492063492,0.80952381,0.841269841,0.1590725647182774,-0.004926254253477264,-1.841269841
69,Jalen Williams,-0.069965903,-0.026896732,75,30.34,14.08,3.306666667,0.973333333,4.493333333,1.373333333,0.466666667,0.07119377005687867,0.48396610311138144,-1.64
70,Julius Randle,0.101827038,-0.031261436,77,35.55,25.14285714,4.103896104,2.831168831,9.961038961,0.636363636,0.272727273,-0.18275026427914787,-0.3012535545119533,-2.805194805
71,De'Anthony Melton,-0.140741454,-0.04730222,77,27.91926407,10.12987013,2.558441558,2.038961039,4.051948052,1.636363636,0.532467532,0.01077985574689282,-0.42438998365402564,-1.324675325
72,Onyeka Okongwu,-0.1901956,-0.049179885,80,23.10729167,9.8875,1.0125,0.05,7.2,0.7,1.3375,-0.007228507276234581,1.0072392429863146,-1.0125
73,Tyrese Maxey,-0.144177201,-0.051523327,60,33.59472222,20.3,3.533333333,2.666666667,2.933333333,0.816666667,0.133333333,0.21835257237729266,0.07816077765023442,-1.333333333
74,Devin Vassell,-0.120023158,-0.052519916,38,31.00219298,18.5,3.578947368,2.710526316,3.894736842,1.131578947,0.447368421,-0.009375410875416344,-0.579975228135154,-1.5
75,Tyler Herro,0.009365624,-0.053195176,67,34.87711443,20.10447761,4.179104478,3.029850746,5.373134328,0.76119403,0.23880597,0.408829799511199,-0.6051753699862271,-2.358208955
76,D'Angelo Russell,0.046291497,-0.055623926,71,32.45234742,17.78873239,6.154929577,2.732394366,3.028169014,0.985915493,0.408450704,0.13733051181453276,-0.08393957490624716,-2.61971831
77,Michael Porter Jr.,-0.192874911,-0.062921749,62,28.99704301,17.41935484,1.048387097,3.032258065,5.5,0.596774194,0.467741935,0.031814213936355466,0.1509105244949372,-1.096774194
78,Kyle Anderson,-0.132908977,-0.062997159,69,28.35531401,9.376811594,4.855072464,0.623188406,5.333333333,1.130434783,0.913043478,-0.09513798821637563,0.23957291409078646,-1.492753623
79,Alperen Sengun,0.024538472,-0.068707202,75,28.94488889,14.78666667,3.88,0.253333333,9.04,0.933333333,0.933333333,-0.2622139320313228,0.8255863760519763,-2.573333333
80,Kevin Porter,0.110776418,-0.074698794,59,34.30367232,19.15254237,5.728813559,2.389830508,5.322033898,1.389830508,0.288135593,0.0023637077430633795,-0.5002571692683878,-3.186440678
81,Scottie Barnes,-0.071925726,-0.077167193,77,34.77748918,15.31168831,4.818181818,0.818181818,6.649350649,1.077922078,0.792207792,-0.03579757538863237,-0.2637276817515193,-2.0
82,Derrick White,-0.212021222,-0.08826633,82,28.28292683,12.40243902,3.914634146,1.817073171,3.573170732,0.658536585,0.926829268,0.2140971954289875,-0.12899377526520145,-1.158536585
83,Josh Hart,-0.154393356,-0.0883923,76,32.29035088,9.776315789,3.815789474,0.802631579,7.802631579,1.157894737,0.276315789,-0.07772404579264654,0.36365965499294983,-1.539473684
84,C.J. McCollum,-0.017896443,-0.088453647,75,35.31711111,20.90666667,5.72,2.813333333,4.373333333,0.933333333,0.506666667,-0.04650549553766667,-0.6978038095718702,-2.44
85,Kevin Huerter,-0.192768518,-0.089323565,75,29.37133333,15.2,2.946666667,2.733333333,3.346666667,1.066666667,0.32,-0.10195610553203817,0.10729804975529086,-1.293333333
86,Markelle Fultz,-0.047804147,-0.098412804,60,29.63361111,13.95,5.683333333,0.45,3.9,1.45,0.433333333,-0.000824330967242315,0.43337476340999886,-2.316666667
87,Christian Wood,-0.126457256,-0.099484227,67,25.94626866,16.62686567,1.805970149,1.567164179,7.328358209,0.447761194,1.074626866,-0.04747919911357585,0.45059485294633045,-1.805970149
88,Kelly Oubre,-0.202788645,-0.103622388,48,32.24027778,20.25,1.125,2.25,5.1875,1.416666667,0.375,-0.1037715082356978,-0.7623945715279037,-1.333333333
89,Ja Morant,0.104863479,-0.105648975,61,31.93989071,26.16393443,8.081967213,1.508196721,5.852459016,1.081967213,0.262295082,-0.28574819568886495,-0.1884396419090811,-3.37704918
90,Spencer Dinwiddie,-0.132539176,-0.108863356,79,34.49831224,17.32911392,6.518987342,2.291139241,3.417721519,0.848101266,0.303797468,0.11929523337144009,-0.49975559070376885,-1.835443038
91,Kentavious Caldwell-Pope,-0.239598549,-0.109145591,76,31.33179825,10.81578947,2.407894737,1.776315789,2.736842105,1.473684211,0.460526316,0.06650878925041934,-0.11368167134276694,-1.131578947
92,Tre Jones,-0.173785109,-0.116167271,68,29.17156863,12.86764706,6.588235294,0.661764706,3.602941176,1.308823529,0.132352941,0.19451798674463291,-0.18297134098272533,-1.617647059
93,Draymond Green,0.002003565,-0.118554511,73,31.47237443,8.452054795,6.849315068,0.547945205,7.191780822,1.01369863,0.821917808,-0.1044488610882186,0.3358923943831094,-2.794520548
94,Terry Rozier,-0.099235954,-0.118560551,63,35.2537037,21.0952381,5.063492063,2.619047619,4.111111111,1.174603175,0.253968254,0.08914627985084683,-1.1448686556642724,-2.126984127
95,PJ Washington,-0.1947106,-0.119832049,73,32.59680365,15.67123288,2.397260274,2.04109589,4.904109589,0.904109589,1.082191781,-0.1279438664358008,-0.4278162626745192,-1.506849315
96,Mike Conley,-0.194535307,-0.12378283,67,30.27313433,11.91044776,6.71641791,2.014925373,2.71641791,1.089552239,0.208955224,0.12802852503748663,-0.43544025799762526,-1.537313433
97,Anfernee Simons,-0.121691487,-0.13010027,62,35.00994624,21.06451613,4.080645161,3.419354839,2.596774194,0.677419355,0.225806452,0.31842394551357067,-0.4855195523229845,-2.064516129
98,John Collins,-0.272937609,-0.13623218,71,29.99530516,13.11267606,1.197183099,0.985915493,6.507042254,0.591549296,1.028169014,0.04965982105593696,0.31947888387005013,-1.112676056
99,Herb Jones,-0.249537132,-0.145176599,66,29.55353535,9.833333333,2.454545455,0.848484848,4.075757576,1.560606061,0.636363636,-0.0477816315443788,-0.050358248273589964,-1.333333333
100,Giannis Antetokounmpo,0.13048446,-0.154011025,63,32.11931217,31.0952381,5.698412698,0.746031746,11.77777778,0.825396825,0.80952381,-1.6969900104789841,1.5723911803691413,-3.904761905
101,Wendell Carter Jr.,-0.181347966,-0.155511954,57,29.64181287,15.22807018,2.315789474,1.403508772,8.719298246,0.526315789,0.578947368,-0.1542932988955796,0.533305528829362,-1.859649123
102,Franz Wagner,-0.150091655,-0.158443115,80,32.60895833,18.5625,3.5375,1.625,4.1125,0.9625,0.2125,0.23366030973904292,0.12714983631524077,-2.0875
103,Immanuel Quickley,-0.279853068,-0.158810409,81,28.93806584,14.92592593,3.444444444,2.074074074,4.160493827,0.987654321,0.172839506,0.1071168056148411,-0.32409085212238375,-1.234567901
104,Kelly Olynyk,-0.09274359,-0.159107772,68,28.55392157,12.45588235,3.705882353,1.367647059,6.176470588,0.882352941,0.544117647,0.23843329131862717,0.19172625823126688,-2.470588235
105,Malcolm Brogdon,-0.246416645,-0.159839791,67,26.02636816,14.92537313,3.701492537,1.970149254,4.179104478,0.671641791,0.268656716,0.23618613733034566,0.08642691514815504,-1.462686567
106,Bojan Bogdanovic,-0.126561025,-0.164572898,59,32.08276836,21.57627119,2.576271186,2.457627119,3.779661017,0.576271186,0.13559322,0.5183138175700832,0.17688507410132123,-2.288135593
107,Marcus Smart,-0.119987959,-0.166296113,61,32.07404372,11.52459016,6.262295082,1.885245902,3.131147541,1.524590164,0.37704918,-0.07312120342371355,-0.5962119647171246,-2.344262295
108,Donte DiVincenzo,-0.240698331,-0.167275687,72,26.30856481,9.416666667,3.5,2.083333333,4.513888889,1.347222222,0.138888889,0.03287571364276586,-0.3038303379792985,-1.555555556
109,Josh Giddey,-0.056423112,-0.168035313,76,31.14714912,16.57894737,6.171052632,1.0,7.881578947,0.75,0.407894737,-0.10021822506497513,0.09436825096410621,-2.776315789
110,Ivica Zubac,-0.245489299,-0.169366472,76,28.54627193,10.76315789,1.013157895,0.0,9.947368421,0.381578947,1.289473684,-0.2695777902800136,1.072267223863899,-1.539473684
111,Keegan Murray,-0.374118827,-0.17728191,80,29.77166667,12.2,1.225,2.575,4.6375,0.7625,0.525,-0.018357189097321494,-0.2249273904913521,-0.75
112,Jaden McDaniels,-0.273093727,-0.177491415,79,30.58755274,12.06329114,1.873417722,1.35443038,3.886075949,0.936708861,0.962025316,-0.08649395567974795,0.3721739021788535,-1.417721519
113,Kevon Looney,-0.415046603,-0.186537544,82,23.87235772,7.048780488,2.524390244,0.0,9.268292683,0.634146341,0.609756098,-0.3347830692593091,0.7235704332202519,-0.548780488
114,Kyle Lowry,-0.223561158,-0.194797741,55,31.23121212,11.18181818,5.109090909,1.945454545,4.090909091,1.036363636,0.381818182,0.18580075252574943,-0.6311365468838588,-1.872727273
115,Bobby Portis,-0.336766236,-0.198962911,70,25.97809524,14.1,1.5,1.357142857,9.6,0.414285714,0.228571429,-0.02779045738508396,0.22880278511936084,-1.157142857
116,Jonas Valanciunas,-0.208710953,-0.200460404,79,24.91540084,14.11392405,1.772151899,0.481012658,10.17721519,0.253164557,0.658227848,0.12002487334503163,0.7320525047743424,-2.012658228
117,Bruce Brown,-0.282555391,-0.202048054,80,28.49375,11.5375,3.35,1.1375,4.1,1.0875,0.6375,-0.048563579167162856,0.06886675483306683,-1.5375
118,Jusuf Nurkic,-0.18257777,-0.214409498,52,26.75929487,13.34615385,2.865384615,0.826923077,9.057692308,0.826923077,0.846153846,-0.4508467315310091,0.418722539559526,-2.288461538
119,Aaron Gordon,-0.311511807,-0.214802572,68,30.22181373,16.30882353,2.985294118,0.882352941,6.558823529,0.794117647,0.75,-0.8093922640869805,0.9852268064193008,-1.441176471
120,Alex Caruso,-0.356165088,-0.215142872,67,23.51318408,5.582089552,2.880597015,0.820895522,2.925373134,1.462686567,0.686567164,0.026864568605971223,-0.09028397513957762,-1.149253731
121,Bogdan Bogdanovic,-0.351517497,-0.218351596,54,27.9345679,14.0,2.777777778,2.703703704,3.055555556,0.796296296,0.333333333,0.06788287898032108,-0.32685541988647104,-1.203703704
122,Cole Anthony,-0.305547409,-0.219677047,60,25.86305556,13.01666667,3.916666667,1.25,4.8,0.616666667,0.516666667,0.3132391407525367,-0.21957494666615165,-1.516666667
123,Saddiq Bey,-0.418387192,-0.23982786,77,27.64437229,13.79220779,1.532467532,1.961038961,4.701298701,0.909090909,0.168831169,0.24041672577731302,-0.5802827212274999,-0.922077922
124,Mark Williams,-0.419305845,-0.241743695,43,19.25542636,9.0,0.418604651,0.0,7.069767442,0.651162791,1.046511628,-0.20943203930154813,0.9441937178456183,-0.930232558
125,Jarred Vanderbilt,-0.387421486,-0.255642935,78,24.09722222,7.935897436,2.358974359,0.371794872,7.461538462,1.064102564,0.269230769,-0.16557960518124562,0.41616859505414916,-1.243589744
126,Harrison Barnes,-0.417668031,-0.256268251,82,32.46361789,15.0,1.56097561,1.609756098,4.463414634,0.695121951,0.12195122,0.32181247522893797,-0.027749444607140645,-1.048780488
127,Monte Morris,-0.432822004,-0.258814364,62,27.33682796,10.25806452,5.258064516,1.258064516,3.387096774,0.693548387,0.209677419,0.059123797824641354,0.03252601506094103,-0.967741935
128,Royce O'Neale,-0.353514839,-0.260068077,76,31.69692982,8.828947368,3.723684211,2.144736842,5.052631579,0.855263158,0.644736842,-0.05349767480124909,-0.6985219290866836,-1.5
129,Tyus Jones,-0.440914227,-0.260245791,80,24.24375,10.2875,5.2125,1.5125,2.5,1.0375,0.075,0.020546679833553794,-0.33430108360883615,-0.925
130,Patrick Williams,-0.397003049,-0.262558116,82,28.3300813,10.15853659,1.219512195,1.402439024,3.987804878,0.87804878,0.853658537,0.09421854989944292,-0.09812343658075338,-1.231707317
131,Jalen Duren,-0.375762678,-0.262742302,67,24.92810945,9.134328358,1.119402985,0.0,8.880597015,0.656716418,0.880597015,-0.40327368710258293,1.0249706430430299,-1.373134328
132,Ben Simmons,-0.236572652,-0.265244165,42,26.30833333,6.928571429,6.095238095,0.0,6.261904762,1.285714286,0.571428571,-0.4681683669171465,0.5050348645812546,-2.30952381
133,Mason Plumlee,-0.363795415,-0.266646853,79,25.99556962,10.84810127,3.101265823,0.0,8.860759494,0.582278481,0.594936709,-0.5855077372197224,1.2501669103626392,-1.481012658
134,Larry Nance Jr.,-0.495619917,-0.271284303,65,21.24820513,6.784615385,1.830769231,0.215384615,5.446153846,0.861538462,0.569230769,-0.1061761508359292,0.6294269480691136,-0.646153846
135,Cade Cunningham,-0.104696909,-0.274798506,12,33.34861111,19.91666667,6.0,1.416666667,6.166666667,0.833333333,0.583333333,0.19223381433830514,-1.1296567471724226,-3.25
136,Daniel Gafford,-0.438368813,-0.280190817,78,20.56645299,9.038461538,1.076923077,0.0,5.551282051,0.423076923,1.269230769,-0.25033611151730956,1.2961553966586667,-1.08974359
137,Grayson Allen,-0.458387926,-0.28588805,72,27.38773148,10.41666667,2.263888889,2.027777778,3.291666667,0.861111111,0.194444444,0.2120986855169752,-0.2772585377450346,-1.0
138,Caleb Martin,-0.443494739,-0.285939911,71,29.257277,9.61971831,1.647887324,1.183098592,4.845070423,1.0,0.436619718,0.03461154806058048,-0.09410353814394302,-1.098591549
139,Tari Eason,-0.433538211,-0.295033815,82,21.5504065,9.268292683,1.073170732,0.719512195,6.048780488,1.170731707,0.573170732,-0.05629981865242429,-0.21901575808065407,-1.231707317
140,Jabari Smith Jr,-0.423684871,-0.297699465,79,31.01940928,12.78481013,1.278481013,1.518987342,7.202531646,0.544303797,0.936708861,0.0074188966915835555,-0.7635536680122311,-1.316455696
141,Kyle Kuzma,-0.173223315,-0.297798059,64,34.98125,21.203125,3.734375,2.5,7.234375,0.5625,0.453125,-0.1985054606493469,-0.4881986606611641,-2.96875
142,Zach Collins,-0.313151347,-0.298009067,63,22.86693122,11.6031746,2.857142857,0.873015873,6.380952381,0.587301587,0.777777778,-0.05183963826911575,0.37013727762761217,-2.047619048
143,Austin Reaves,-0.392248407,-0.300816717,64,28.79947917,13.015625,3.359375,1.34375,3.015625,0.515625,0.296875,0.3336858753080216,0.4048282939377995,-1.546875
144,Jordan Poole,-0.163079645,-0.302857493,82,29.97703252,20.42682927,4.5,2.609756098,2.743902439,0.768292683,0.256097561,0.4368475326398312,-0.7065775185618489,-3.073170732
145,Khris Middleton,-0.302891565,-0.30289457,33,24.26515152,15.06060606,4.939393939,1.545454545,4.242424242,0.696969697,0.151515152,0.3659578497810055,-0.48886467038300446,-2.151515152
146,Norman Powell,-0.376912935,-0.30557992,60,26.11805556,16.98333333,1.816666667,1.9,2.916666667,0.833333333,0.3,0.13255240312816222,0.037598550177627144,-1.683333333
147,Chris Boucher,-0.552230253,-0.307223999,76,20.04495614,9.368421053,0.381578947,0.815789474,5.539473684,0.618421053,0.842105263,-0.04787534493048555,0.12311671943170821,-0.539473684
148,Drew Eubanks,-0.504466531,-0.307836399,78,20.30405983,6.641025641,1.320512821,0.08974359,5.358974359,0.512820513,1.307692308,-0.19160682077833016,0.7066355196580575,-0.858974359
149,Quentin Grimes,-0.490815901,-0.310915703,71,29.87183099,11.25352113,2.112676056,2.211267606,3.225352113,0.661971831,0.366197183,0.017054361476437352,-0.061534224726479216,-0.971830986
150,Brandon Clarke,-0.491410562,-0.312834342,56,19.46547619,9.964285714,1.285714286,0.017857143,5.535714286,0.607142857,0.660714286,-0.14907292713892975,1.1246809264568978,-0.982142857
151,Gordon Hayward,-0.3481276,-0.319983948,50,31.53766667,14.66,4.12,1.04,4.3,0.84,0.24,0.08827075439656074,-0.007586323029259461,-1.98
152,Jalen McDaniels,-0.480050555,-0.327048899,80,23.90916667,9.4375,1.625,0.9625,4.325,1.0375,0.425,0.09835441792030412,-0.1563046002095452,-1.1625
153,Torrey Craig,-0.52239192,-0.332542431,79,24.65527426,7.443037975,1.481012658,1.265822785,5.392405063,0.632911392,0.784810127,-0.0412698674689898,-0.12465757424313623,-0.924050633
154,T.J. McConnell,-0.378600698,-0.337185732,75,20.34977778,8.666666667,5.293333333,0.346666667,3.12,1.08,0.133333333,0.06290319136906379,0.4688325011341153,-1.906666667
155,Dennis Smith Jr.,-0.439589923,-0.33907558,54,25.7367284,8.777777778,4.833333333,0.444444444,3.092592593,1.388888889,0.462962963,-0.09366002792981606,-0.5373063929802817,-1.518518519
156,Caris LeVert,-0.437128593,-0.343499597,74,30.23243243,12.12162162,3.878378378,1.716216216,3.810810811,0.972972973,0.324324324,-0.149206461378451,-0.445491292592698,-1.567567568
157,Naz Reid,-0.4709168,-0.344601686,68,18.39607843,11.48529412,1.132352941,1.102941176,4.897058824,0.617647059,0.779411765,-0.19871260841452512,0.522403931381425,-1.352941176
158,Josh Richardson,-0.478691928,-0.347487176,65,23.53179487,10.06153846,2.676923077,1.646153846,2.692307692,1.061538462,0.307692308,0.08509884406971371,-0.3774696449310164,-1.323076923
159,Keldon Johnson,-0.358708172,-0.349202523,63,32.7521164,21.98412698,2.904761905,2.126984127,5.047619048,0.73015873,0.174603175,-0.1781744215319448,-0.4198338596526725,-2.126984127
160,Tim Hardaway Jr.,-0.557000434,-0.352658935,71,30.31361502,14.35211268,1.816901408,2.985915493,3.535211268,0.690140845,0.169014085,-0.03222307340843144,-0.8861186556414157,-0.845070423
161,Patrick Beverley,-0.552200151,-0.355192998,67,27.11119403,6.194029851,2.895522388,1.194029851,3.686567164,0.940298507,0.611940299,-0.05868018887677531,-0.4067242212117852,-0.895522388
162,Marvin Bagley III,-0.522496287,-0.35571146,42,23.58174603,12.0,0.857142857,0.452380952,6.404761905,0.452380952,0.714285714,-0.08630397289944833,0.4829563721997639,-1.095238095
163,Kenrich Williams,-0.602396662,-0.360484059,53,22.75188679,8.018867925,1.981132075,0.943396226,4.924528302,0.849056604,0.264150943,-0.255829124386681,0.2718720673901851,-0.603773585
164,Killian Hayes,-0.349478082,-0.361128071,76,28.33618421,10.34210526,6.184210526,1.052631579,2.907894737,1.368421053,0.368421053,0.055802400874336675,-1.0617388878481147,-2.276315789
165,Gary Harris,-0.606701722,-0.361555411,48,24.67430556,8.270833333,1.229166667,1.958333333,2.041666667,0.9375,0.25,0.07277333991677688,-0.1674716706013958,-0.583333333
166,Steven Adams,-0.410514151,-0.362086932,42,26.98293651,8.595238095,2.30952381,0.0,11.54761905,0.857142857,1.095238095,-1.2876091111578873,0.7593328377462937,-1.880952381
167,Dorian Finney-Smith,-0.556659944,-0.365071192,66,30.43585859,8.348484848,1.515151515,1.727272727,4.787878788,0.833333333,0.545454545,-0.01863934448393433,-0.6412673363261213,-0.939393939
168,John Konchar,-0.625313055,-0.36873763,72,20.7462963,5.055555556,1.388888889,0.833333333,4.305555556,1.069444444,0.347222222,-0.0028924390665784894,-0.19753731878279332,-0.513888889
169,Isaiah Stewart,-0.497005927,-0.368743557,50,28.28,11.34,1.4,1.34,8.06,0.4,0.68,-0.13501671395680778,-0.2956378069436546,-1.36
170,Luguentz Dort,-0.515493716,-0.369438209,74,30.70743243,13.68918919,2.081081081,1.824324324,4.648648649,1.013513514,0.310810811,-0.03976659446604941,-1.0308448383819768,-1.243243243
171,Malik Monk,-0.417543785,-0.370377937,77,22.32900433,13.51948052,3.87012987,1.857142857,2.636363636,0.636363636,0.25974026,0.2831497428689437,-0.28121992273289387,-1.896103896
172,Bol Bol,-0.462848523,-0.370733684,70,21.5052381,9.057142857,0.985714286,0.428571429,5.785714286,0.428571429,1.214285714,-0.037496669866056986,0.4802480222127991,-1.6
173,Aleksej Pokusevski,-0.51700535,-0.373675071,34,20.62794118,8.117647059,1.882352941,1.117647059,4.676470588,0.588235294,1.264705882,-0.1595497926826591,-0.3073023007720114,-1.264705882
174,Jae Crowder,-0.651498154,-0.375163137,18,18.8712963,6.888888889,1.5,1.333333333,3.833333333,0.666666667,0.333333333,0.033180451261152225,0.015810315739667753,-0.388888889
175,Santi Aldama,-0.596796514,-0.379156625,77,21.84155844,9.038961039,1.25974026,1.220779221,4.818181818,0.584415584,0.623376623,-0.06276652575115561,-0.035588909525685684,-0.779220779
176,Xavier Tillman,-0.605809791,-0.379362189,61,19.34508197,7.032786885,1.573770492,0.06557377,5.032786885,0.950819672,0.475409836,-0.3399520715993434,0.6956894362890879,-0.721311475
177,Kenyon Martin Jr.,-0.552373569,-0.384226086,82,27.95182927,12.67073171,1.5,0.829268293,5.512195122,0.5,0.365853659,-0.2798891426843109,0.8231579760356693,-1.109756098
178,Alec Burks,-0.548679825,-0.384649627,51,22.00816993,12.78431373,2.235294118,1.941176471,3.098039216,0.745098039,0.156862745,0.11157295300527742,-0.35969444757515795,-1.137254902
179,Jordan Clarkson,-0.263888182,-0.389231148,61,32.59562842,20.83606557,4.426229508,2.540983607,4.032786885,0.540983607,0.213114754,0.13159261218246054,-0.5318437622465488,-3.049180328
180,Isaiah Hartenstein,-0.604311671,-0.389295392,82,19.82825203,4.951219512,1.243902439,0.097560976,6.536585366,0.646341463,0.780487805,-0.09308473892121207,0.23716392513249632,-0.804878049
181,Aaron Nesmith,-0.571412876,-0.390047853,73,24.88127854,10.10958904,1.342465753,1.575342466,3.794520548,0.753424658,0.465753425,0.10594661404512797,-0.39261067276259787,-1.02739726
182,Deni Avdija,-0.487764441,-0.395364345,76,26.58311404,9.171052632,2.776315789,0.907894737,6.407894737,0.855263158,0.381578947,-0.09589260958400414,-0.2951042684748215,-1.618421053
183,Nicolas Batum,-0.643443825,-0.401992045,78,21.91538462,6.128205128,1.551282051,1.58974359,3.833333333,0.692307692,0.564102564,-0.04629496805300841,-0.2723094421669334,-0.641025641
184,Victor Oladipo,-0.426923055,-0.402349025,42,26.32301587,10.69047619,3.476190476,1.666666667,3.047619048,1.357142857,0.285714286,-0.06908213899030606,-0.7548915757770053,-2.071428571
185,Jalen Suggs,-0.472817731,-0.402994638,53,23.50660377,9.886792453,2.924528302,1.245283019,3.037735849,1.264150943,0.509433962,-0.13667841577871323,-0.47564109648453456,-1.773584906
186,Luke Kennard,-0.625033306,-0.40431534,59,22.29096045,9.254237288,1.542372881,2.254237288,2.677966102,0.542372881,0.084745763,0.10917044780204198,0.10651131360576478,-0.779661017
187,Thomas Bryant,-0.649256175,-0.407568663,59,18.3299435,9.813559322,0.525423729,0.440677966,5.745762712,0.271186441,0.508474576,-0.0970999098960752,0.9231900691904683,-0.644067797
188,Robert Covington,-0.645874546,-0.407609124,48,16.21979167,6.0,1.1875,1.125,3.458333333,0.791666667,0.6875,-0.027968880099776623,-0.14446584141284882,-0.666666667
189,De'Andre Hunter,-0.562364583,-0.408491096,67,31.72661692,15.35820896,1.402985075,1.492537313,4.23880597,0.52238806,0.253731343,0.13138104895506444,-0.17943323576180836,-1.223880597
190,Malik Beasley,-0.583303893,-0.411902365,81,25.83888889,12.65432099,1.530864198,2.901234568,3.49382716,0.802469136,0.111111111,-0.011500897084994037,-0.9349019146993099,-1.111111111
191,Moritz Wagner,-0.57145918,-0.412410079,57,19.46403509,10.52631579,1.473684211,0.894736842,4.543859649,0.649122807,0.228070175,0.1823087130755902,0.16884955955473924,-1.192982456
192,Nick Richards,-0.616394864,-0.413895483,65,18.7225641,8.184615385,0.584615385,0.015384615,6.4,0.169230769,1.092307692,-0.09833793894606951,0.7401105268075108,-0.907692308
193,Isaiah Jackson,-0.632420678,-0.41490743,63,16.54470899,7.222222222,0.80952381,0.031746032,4.476190476,0.492063492,1.476190476,-0.3079388526918646,0.4401381732979441,-0.80952381
194,Corey Kispert,-0.645626242,-0.417711016,74,28.28693694,11.08108108,1.175675676,2.202702703,2.797297297,0.432432432,0.121621622,0.08170927345027355,0.17186351563462893,-0.743243243
195,Jalen Green,-0.360012483,-0.418381846,76,34.24035088,22.14473684,3.697368421,2.460526316,3.736842105,0.776315789,0.236842105,0.01592750379364392,-1.0588253091669937,-2.631578947
196,Marcus Morris,-0.631208725,-0.42084177,65,28.08,11.2,1.753846154,1.723076923,3.969230769,0.646153846,0.323076923,-0.0026146325927085077,-0.49034556516564826,-0.861538462
197,Jevon Carter,-0.61725071,-0.42210678,81,22.35,8.037037037,2.432098765,1.75308642,2.49382716,0.814814815,0.358024691,0.015118754045869322,-0.3675084123812245,-0.962962963
198,Russell Westbrook,-0.235112719,-0.42350065,73,29.12123288,15.87671233,7.547945205,1.219178082,5.794520548,1.04109589,0.452054795,-0.5484749884340245,-0.5399264857853074,-3.493150685
199,Max Strus,-0.632246306,-0.423578695,80,28.39875,11.5375,2.1375,2.4625,3.225,0.525,0.15,0.1032865446268628,-0.6474969829644093,-0.875
200,Coby White,-0.614959523,-0.425062803,74,23.3768018,9.662162162,2.756756757,1.72972973,2.864864865,0.72972973,0.081081081,0.0831164059598713,-0.26436976372830473,-1.0
201,Keita Bates-Diop,-0.64472251,-0.429387268,67,21.67835821,9.656716418,1.537313433,0.835820896,3.701492537,0.686567164,0.298507463,0.021874649700428923,0.22091653954174215,-0.835820896
202,Jordan Goodwin,-0.63622725,-0.433096393,62,17.84623656,6.564516129,2.709677419,0.612903226,3.306451613,0.935483871,0.419354839,-0.017190697989890234,-0.1600105087374787,-0.919354839
203,Gary Payton II,-0.665542359,-0.433261388,22,16.70984848,4.590909091,1.363636364,0.590909091,3.136363636,1.0,0.227272727,0.02341188208061729,0.3716810525292,-0.727272727
204,Paolo Banchero,-0.357509393,-0.43586464,72,33.74652778,19.95833333,3.736111111,1.180555556,6.902777778,0.833333333,0.541666667,-0.3392008134194929,-0.7601499466388323,-2.777777778
205,Troy Brown Jr,-0.681219292,-0.436070511,76,24.46885965,7.118421053,1.25,1.407894737,4.052631579,0.776315789,0.210526316,0.045277058165414774,-0.27892884113148647,-0.644736842
206,Isaiah Joe,-0.698979384,-0.436963051,73,19.11210046,9.465753425,1.205479452,2.205479452,2.397260274,0.657534247,0.109589041,0.04991416969158789,-0.24182897923525587,-0.534246575
207,Andrew Nembhard,-0.527185737,-0.438706407,75,27.64622222,9.453333333,4.546666667,1.226666667,2.653333333,0.933333333,0.173333333,0.005588204558843488,-0.2979754317247549,-1.68
208,Jonathan Isaac,-0.72784541,-0.439623297,11,11.27424242,5.0,0.545454545,0.545454545,4.0,1.272727273,0.363636364,-0.1865512637038545,-0.2919893187817429,-0.363636364
209,Jalen Smith,-0.629233342,-0.445680118,68,18.80588235,9.441176471,0.970588235,0.794117647,5.794117647,0.308823529,0.882352941,-0.049236526965529236,0.005095361541988677,-1.058823529
210,Dennis Schroder,-0.535475324,-0.448362463,66,30.08989899,12.57575758,4.515151515,1.121212121,2.5,0.757575758,0.151515152,0.2809425851145679,-0.5939747442870084,-1.696969697
211,Justise Winslow,-0.568144298,-0.448525662,29,26.75114943,6.75862069,3.379310345,0.482758621,5.0,1.034482759,0.379310345,-0.06688808203332244,-0.4547512955466652,-1.482758621
212,Jose Alvarado,-0.592483088,-0.449280831,61,21.47377049,9.016393443,3.049180328,1.360655738,2.31147541,1.098360656,0.163934426,0.03795061491207889,-0.5182834983235618,-1.327868852
213,Reggie Bullock,-0.723925526,-0.449336265,78,30.31303419,7.192307692,1.384615385,1.935897436,3.628205128,0.692307692,0.166666667,-0.03835664440593242,-0.4048342513493661,-0.461538462
214,Matisse Thybulle,-0.748029791,-0.454112955,71,16.90516432,4.126760563,0.746478873,0.76056338,1.971830986,1.169014085,0.450704225,-0.04140499096286634,-0.1457896027709168,-0.338028169
215,Cam Reddish,-0.622548526,-0.455398776,40,24.74041667,9.675,1.425,1.125,2.2,0.975,0.35,0.13082001912533064,-0.23542799069847023,-1.175
216,Eric Gordon,-0.576817482,-0.459536135,69,28.48405797,12.4057971,2.652173913,1.913043478,1.942028986,0.623188406,0.362318841,0.09338638502098603,-0.2844843591476012,-1.507246377
217,Dillon Brooks,-0.590686848,-0.460731394,73,30.33287671,14.34246575,2.589041096,1.95890411,3.342465753,0.890410959,0.219178082,-0.009159576417476578,-1.0878716992443844,-1.424657534
218,Joe Ingles,-0.625582308,-0.460879407,46,22.68623188,6.891304348,3.260869565,1.804347826,2.782608696,0.717391304,0.130434783,0.033590961255700484,-0.21679526916312658,-1.195652174
219,Charles Bassey,-0.630088352,-0.461619411,35,14.51047619,5.685714286,1.371428571,0.085714286,5.514285714,0.457142857,0.942857143,-0.19976623602805627,0.6508872537293968,-1.171428571
220,Grant Williams,-0.654958874,-0.465736811,79,25.88164557,8.113924051,1.658227848,1.455696203,4.594936709,0.518987342,0.392405063,-0.020185368123563755,-0.13204109691492066,-1.037974684
221,Bones Hyland,-0.597545168,-0.4721696,56,19.38452381,11.76785714,3.071428571,2.089285714,2.410714286,0.696428571,0.267857143,0.1085108764819321,-0.7789706571793843,-1.464285714
222,Ayo Dosunmu,-0.641240585,-0.480439008,80,26.21916667,8.5875,2.575,0.7375,2.75,0.775,0.325,0.021848277688514103,0.1231667347946667,-1.2375
223,Terance Mann,-0.681974742,-0.482967675,81,23.1100823,8.802469136,2.271604938,0.950617284,3.407407407,0.518518519,0.271604938,-0.0056838693526933964,0.28068333169791276,-0.987654321
224,Pat Connaughton,-0.763602432,-0.495313919,61,23.65027322,7.639344262,1.262295082,1.786885246,4.639344262,0.606557377,0.180327869,-0.08403391672065848,-0.5781634874136218,-0.540983607
225,Precious Achiuwa,-0.686923144,-0.498834182,55,20.73606061,9.236363636,0.909090909,0.527272727,5.963636364,0.563636364,0.545454545,-0.18475944346473114,0.0694337778293118,-1.072727273
226,Julian Champagnie,-0.753780829,-0.500882661,17,18.83137255,9.705882353,0.588235294,1.941176471,3.529411765,0.352941176,0.294117647,0.03996675586684295,-0.16708626794995893,-0.647058824
227,Mo Bamba,-0.759438462,-0.501218713,49,15.68231293,6.591836735,0.93877551,0.979591837,4.591836735,0.265306122,0.87755102,-0.15471193166460698,0.048107934407371974,-0.612244898
228,Lonnie Walker,-0.728982572,-0.502345,56,23.16071429,11.67857143,1.142857143,1.625,1.946428571,0.535714286,0.303571429,0.14182782940151387,-0.2623524549724657,-0.821428571
229,Collin Sexton,-0.591863932,-0.508442569,48,23.85625,14.27083333,2.875,1.0,2.1875,0.5625,0.125,0.14731315316527546,0.29946500287691225,-1.770833333
230,Isaac Okoro,-0.783789869,-0.514828467,76,21.74144737,6.447368421,1.144736842,0.815789474,2.460526316,0.736842105,0.394736842,-0.03561781082796607,0.08689016296843373,-0.552631579
231,Kevin Love,-0.698655354,-0.516852787,62,19.99139785,8.209677419,1.870967742,1.596774194,6.435483871,0.258064516,0.193548387,0.1402548109357414,-0.5918558125727874,-1.129032258
232,Jeremy Sochan,-0.608439126,-0.517960556,56,26.02857143,10.96428571,2.535714286,0.589285714,5.267857143,0.767857143,0.410714286,-0.17666550209641657,-0.22471669362667832,-1.732142857
233,Paul Reed,-0.77490907,-0.52035284,69,10.94299517,4.15942029,0.391304348,0.014492754,3.797101449,0.666666667,0.739130435,-0.028430369193738758,0.35622547096102786,-0.652173913
234,Gabe Vincent,-0.668886785,-0.520575005,68,25.86176471,9.426470588,2.455882353,1.720588235,2.132352941,0.911764706,0.073529412,0.10120754177113511,-0.6135231398771519,-1.352941176
235,Jeremiah Robinson-Earl,-0.808279072,-0.521664579,43,18.92364341,6.790697674,1.0,0.860465116,4.186046512,0.558139535,0.255813953,0.0486132192629736,-0.18540889331486474,-0.441860465
236,Bennedict Mathurin,-0.58111029,-0.522862818,78,28.49188034,16.69230769,1.487179487,1.282051282,4.076923077,0.615384615,0.166666667,0.2597763371697785,-0.5049589407348734,-1.948717949
237,Josh Green,-0.698934873,-0.526667779,60,25.65388889,9.1,1.716666667,1.133333333,3.033333333,0.7,0.083333333,-0.09424816179533203,0.388069459669002,-1.2
238,Isaiah Livers,-0.799198111,-0.531799203,52,23.05096154,6.653846154,0.788461538,1.423076923,2.75,0.538461538,0.538461538,0.027712623650132245,-0.3269311184805453,-0.576923077
239,Maxi Kleber,-0.776405528,-0.532137634,37,25.12837838,5.945945946,1.405405405,1.054054054,3.648648649,0.324324324,0.810810811,-0.07501029526991697,-0.09169206783210941,-0.72972973
240,A.J. Griffin,-0.801404176,-0.534624259,72,19.46203704,8.875,1.013888889,1.402777778,2.125,0.583333333,0.166666667,0.07184104375697901,-0.07702656703558282,-0.583333333
241,Seth Curry,-0.765206631,-0.536517247,61,19.84808743,9.196721311,1.62295082,1.540983607,1.639344262,0.590163934,0.114754098,0.1295746540225738,-0.09159766888936591,-0.836065574
242,Javonte Green,-0.798338573,-0.537515991,32,15.00729167,5.15625,0.71875,0.40625,2.75,0.75,0.65625,-0.16438498471850205,0.30077634915931567,-0.625
243,Theo Maledon,-0.69110885,-0.538706014,44,19.40037879,6.704545455,3.454545455,0.636363636,2.795454545,0.840909091,0.272727273,0.11400825956110666,-0.42788085928306885,-1.340909091
244,Dean Wade,-0.840628493,-0.542938587,44,20.25984848,4.681818182,0.840909091,1.022727273,3.409090909,0.636363636,0.477272727,-0.06868047940089261,-0.25450394634251455,-0.386363636
245,Jaylin Williams,-0.791163118,-0.548675706,49,18.65782313,5.87755102,1.551020408,0.93877551,4.918367347,0.571428571,0.244897959,-0.08800782477372925,-0.19005795532234504,-0.755102041
246,Rui Hachimura,-0.78226515,-0.552381916,63,23.27116402,11.22222222,0.920634921,0.80952381,4.492063492,0.301587302,0.412698413,-0.0832373987008596,0.09831105380081533,-0.841269841
247,Joe Harris,-0.826616736,-0.553088545,74,20.63581081,7.594594595,1.364864865,1.918918919,2.216216216,0.459459459,0.175675676,-0.05323992383498166,-0.11224587137199556,-0.554054054
248,Ty Jerome,-0.81240584,-0.555636941,45,18.12296296,6.866666667,3.0,0.777777778,1.733333333,0.511111111,0.111111111,0.1305318019072051,0.06403540096267522,-0.666666667
249,Jonathan Kuminga,-0.698741758,-0.555870688,67,20.80870647,9.940298507,1.865671642,0.805970149,3.447761194,0.611940299,0.462686567,-0.27062159039475686,0.36685282254770774,-1.417910448
250,Dwight Powell,-0.785424652,-0.557076677,76,19.18267544,6.657894737,0.907894737,0.0,4.131578947,0.631578947,0.342105263,-0.25840166021369365,0.9083921533995984,-0.855263158
251,Trey Lyles,-0.784315762,-0.557385317,74,16.8536036,7.594594595,0.891891892,1.175675676,4.054054054,0.364864865,0.418918919,0.05186798157069484,-0.09572872976620103,-0.864864865
252,Naji Marshall,-0.729563313,-0.56194611,77,23.27164502,9.064935065,2.454545455,0.857142857,3.623376623,0.701298701,0.181818182,0.01138357469873644,-0.3197708692667161,-1.25974026
253,Thaddeus Young,-0.80450293,-0.563590032,54,14.72962963,4.444444444,1.388888889,0.111111111,3.074074074,1.0,0.092592593,-0.04393757527943433,0.2557817103444849,-0.777777778
254,Anthony Lamb,-0.793386606,-0.566270964,62,19.2733871,6.693548387,1.548387097,1.177419355,3.467741935,0.451612903,0.322580645,-0.01635095721746037,-0.022072765377278168,-0.870967742
255,Cam Payne,-0.669975844,-0.566641955,48,20.17430556,10.27083333,4.458333333,1.416666667,2.208333333,0.6875,0.166666667,-0.023916874838230125,-0.5727133542697838,-1.6875
256,Landry Shamet,-0.789433997,-0.566671114,40,20.17166667,8.65,2.325,1.875,1.675,0.65,0.125,0.12595761320522472,-0.7427192229792983,-0.9
257,Sam Hauser,-0.873341941,-0.570485377,80,16.125,6.4,0.8875,1.75,2.55,0.3625,0.2625,-0.01650706441579586,-0.10469468656633696,-0.375
258,Josh Okogie,-0.802943396,-0.575309442,72,18.75671296,7.347222222,1.458333333,0.916666667,3.486111111,0.777777778,0.472222222,-0.15894486170828676,-0.48525140520079524,-0.875
259,Chuma Okeke,-0.840585116,-0.575692553,27,19.18518519,4.740740741,1.37037037,0.962962963,3.555555556,0.703703704,0.407407407,-0.016845028775046084,-0.5568481278048888,-0.62962963
260,Taurean Prince,-0.744773063,-0.577897366,54,22.08179012,9.12962963,1.555555556,1.37037037,2.444444444,0.518518519,0.277777778,0.08640139751832003,-0.060902680205792856,-1.277777778
261,Georges Niang,-0.833845716,-0.578151046,78,19.38226496,8.166666667,0.987179487,1.974358974,2.371794872,0.384615385,0.179487179,0.04794462166034046,-0.21537615393609513,-0.692307692
262,Terrence Ross,-0.835380371,-0.578198446,63,21.11851852,8.285714286,1.507936508,1.507936508,2.444444444,0.555555556,0.158730159,0.005696344280694618,-0.336485586108782,-0.682539683
263,Jaden Ivey,-0.458369407,-0.582798332,74,31.13963964,16.27027027,5.22972973,1.621621622,3.891891892,0.824324324,0.22972973,-0.17497710362044744,-0.7920144139791763,-3.202702703
264,Aaron Wiggins,-0.824966188,-0.582849444,70,18.53333333,6.842857143,1.142857143,0.685714286,3.0,0.557142857,0.214285714,0.04810073397996263,0.19031984870765672,-0.785714286
265,Jalen Johnson,-0.855418895,-0.582958298,70,14.87880952,5.642857143,1.185714286,0.428571429,4.028571429,0.542857143,0.485714286,-0.17311267416113,0.06894173303936381,-0.585714286
266,James Wiseman,-0.772384492,-0.582969589,45,19.27185185,10.0,0.666666667,0.088888889,5.933333333,0.155555556,0.6,-0.1779017251237081,0.6164242454024073,-1.133333333
267,JaMychal Green,-0.807305585,-0.584212422,57,13.97719298,6.421052632,0.894736842,0.736842105,3.596491228,0.438596491,0.403508772,-0.008749087012510629,0.28288831763914507,-0.912280702
268,Jericho Sims,-0.868257424,-0.585408272,52,15.62275641,3.423076923,0.480769231,0.0,4.653846154,0.288461538,0.538461538,-0.010326971128221436,0.6173180596082454,-0.519230769
269,T.J. Warren,-0.87549548,-0.586040221,42,16.35079365,7.476190476,0.952380952,0.523809524,2.880952381,0.523809524,0.285714286,0.013697786550223415,0.08481209316625553,-0.476190476
270,Jaylen Nowell,-0.797194889,-0.587049795,65,19.25717949,10.83076923,2.030769231,1.030769231,2.615384615,0.646153846,0.076923077,-0.008810814386978717,-0.26630669932178136,-1.0
271,Trendon Watford,-0.781490058,-0.592657847,62,19.05833333,7.403225806,2.096774194,0.403225806,3.838709677,0.516129032,0.193548387,-0.10252041313029767,0.4411326668574519,-1.14516129
272,Reggie Jackson,-0.699452494,-0.593339013,68,24.36617647,10.19117647,3.426470588,1.411764706,2.117647059,0.691176471,0.088235294,0.14532518831864638,-0.6094907927659536,-1.691176471
273,Devonte' Graham,-0.849315574,-0.596447485,73,18.33378995,7.383561644,2.684931507,1.630136986,1.671232877,0.616438356,0.219178082,-0.06365353370665004,-0.6030812532406927,-0.726027397
274,Shaedon Sharpe,-0.804161254,-0.598297161,80,22.23208333,9.8625,1.175,1.275,2.95,0.475,0.3,-0.09092598654976863,-0.02813676531764198,-1.0375
275,Cory Joseph,-0.825595462,-0.599249481,62,19.79569892,6.887096774,3.5,1.129032258,1.709677419,0.548387097,0.14516129,0.009411109397151595,-0.2736977399465831,-0.903225806
276,Andre Drummond,-0.797707814,-0.603601381,67,12.67686567,5.955223881,0.492537313,0.0,6.626865672,0.671641791,0.402985075,-0.46187062716582833,0.5322287206196245,-1.119402985
277,Bismack Biyombo,-0.841960786,-0.604743162,61,14.3284153,4.31147541,0.918032787,0.0,4.262295082,0.295081967,1.442622951,-0.48933419589434535,0.3443712342534829,-0.836065574
278,R.J. Barrett,-0.628564572,-0.605195906,73,33.91073059,19.60273973,2.753424658,1.657534247,5.04109589,0.424657534,0.205479452,-0.23502138834466324,-0.676964041202633,-2.246575342
279,Jae'Sean Tate,-0.739707258,-0.605524439,31,21.85376344,9.129032258,2.709677419,0.419354839,3.806451613,0.677419355,0.225806452,-0.13115558983532036,0.03437547269905914,-1.516129032
280,Damion Lee,-0.809876666,-0.605609031,74,20.3527027,8.162162162,1.337837838,1.486486486,3.040540541,0.405405405,0.094594595,0.16904707803436714,-0.20289926175612572,-1.054054054
281,Talen Horton-Tucker,-0.678652525,-0.608184451,65,20.20333333,10.73846154,3.784615385,0.892307692,3.230769231,0.630769231,0.446153846,-0.08674655740322222,-0.5323320738567385,-1.938461538
282,Mike Muscala,-0.923018612,-0.613305105,63,14.9989418,6.079365079,0.793650794,1.285714286,3.222222222,0.238095238,0.380952381,-0.011829494135966163,-0.12544764827718544,-0.365079365
283,Jordan Nwora,-0.817908751,-0.614158961,62,19.16182796,8.741935484,1.419354839,1.387096774,3.693548387,0.387096774,0.225806452,0.009896960265530297,-0.2852366794435877,-1.064516129
284,Terence Davis,-0.859108774,-0.618915421,64,13.13958333,6.734375,1.046875,1.390625,2.171875,0.671875,0.1875,0.004793840129285146,-0.2992704130926346,-0.828125
285,Jamal Cain,-0.934370187,-0.619115994,18,13.33518519,5.444444444,0.666666667,0.388888889,2.888888889,0.611111111,0.055555556,-0.013243246049228493,0.31133726901620196,-0.333333333
286,Ish Wainright,-0.932532988,-0.621976298,60,15.25083333,4.183333333,0.883333333,0.95,2.316666667,0.633333333,0.366666667,0.02849262746625121,-0.39971614207878436,-0.366666667
287,Yuta Watanabe,-0.932139371,-0.623330799,58,15.99683908,5.551724138,0.827586207,1.034482759,2.431034483,0.431034483,0.293103448,-0.048749049219003075,0.06273365307770762,-0.379310345
288,Willy Hernangomez,-0.830154176,-0.623633484,37,12.36936937,7.081081081,0.891891892,0.081081081,4.864864865,0.459459459,0.351351351,-0.013257195185982248,0.23263225579319036,-1.054054054
289,Hamidou Diallo,-0.801345279,-0.626846468,56,17.78333333,9.321428571,0.982142857,0.089285714,3.464285714,0.946428571,0.285714286,-0.5172727336655899,0.6538221178337819,-1.267857143
290,Jordan McLaughlin,-0.881473114,-0.63061468,43,15.77868217,3.744186047,3.441860465,0.558139535,1.441860465,0.744186047,0.093023256,0.020834236819878588,-0.18548616396111706,-0.76744186
291,Cedi Osman,-0.89571934,-0.630860494,77,20.10865801,8.688311688,1.493506494,1.506493506,2.285714286,0.454545455,0.142857143,-0.12499697289796903,-0.1703743556750776,-0.675324675
292,Shake Milton,-0.811651128,-0.631826361,76,20.62214912,8.381578947,3.157894737,0.736842105,2.513157895,0.328947368,0.171052632,0.10666752502681447,0.0226968972581281,-1.236842105
293,Malaki Branham,-0.825471603,-0.632609061,66,23.47828283,10.1969697,1.924242424,1.166666667,2.742424242,0.5,0.106060606,0.047736577300746055,-0.3280332238995806,-1.151515152
294,Dominick Barlow,-0.929224951,-0.641823626,28,14.55595238,3.928571429,0.857142857,0.0,3.642857143,0.357142857,0.678571429,-0.05675237155654202,0.18179117451644508,-0.535714286
295,Wenyen Gabriel,-0.908827496,-0.642666659,68,15.05514706,5.470588235,0.529411765,0.147058824,4.205882353,0.382352941,0.514705882,-0.2032244576931404,0.4605745119408576,-0.676470588
296,Usman Garuba,-0.917009116,-0.643225586,75,12.93222222,3.0,0.853333333,0.32,4.093333333,0.586666667,0.386666667,-0.10436593097895885,0.024024349875847506,-0.626666667
297,Obi Toppin,-0.927949001,-0.644928928,67,15.6778607,7.417910448,0.985074627,1.268656716,2.791044776,0.343283582,0.179104478,0.01750082309280169,-0.18382956306793477,-0.567164179
298,Derrick Jones,-0.955252642,-0.645401156,64,13.95807292,4.984375,0.53125,0.421875,2.390625,0.453125,0.578125,-0.05967598629976859,0.0873428711245029,-0.390625
299,Ricky Rubio,-0.873392517,-0.646611256,33,17.1540404,5.181818182,3.484848485,0.636363636,2.121212121,0.787878788,0.181818182,0.017433546531914902,-0.7173899895850915,-0.939393939
300,Edmond Sumner,-0.873421183,-0.647176249,53,13.89056604,7.132075472,1.283018868,0.58490566,1.490566038,0.58490566,0.188679245,0.2712308145890515,-0.07475841798935451,-0.943396226
301,Goga Bitadze,-0.929944274,-0.648290891,38,12.02105263,4.394736842,1.026315789,0.157894737,3.605263158,0.421052632,0.684210526,-0.26077977743516756,0.2510003396859983,-0.578947368
302,P.J. Tucker,-0.929614069,-0.649037945,75,25.60088889,3.546666667,0.8,0.733333333,3.933333333,0.52,0.2,0.013040785613339954,-0.14708768919171933,-0.586666667
303,Luke Kornet,-0.966525544,-0.651605812,69,11.65434783,3.782608696,0.768115942,0.043478261,2.855072464,0.15942029,0.666666667,0.02088487578305686,0.46567677531244367,-0.362318841
304,Stanley Johnson,-0.856865551,-0.653570494,30,15.64944444,5.8,2.233333333,0.6,3.166666667,0.533333333,0.2,-0.15196478587310414,0.23217001898136652,-1.1
305,Nerlens Noel,-0.914668283,-0.659752684,17,11.45098039,2.058823529,0.588235294,0.058823529,2.705882353,0.941176471,0.588235294,-0.08251481586557531,-0.24265013450849332,-0.764705882
306,George Hill,-0.918996998,-0.660152832,46,18.13985507,5.043478261,2.391304348,0.739130435,1.847826087,0.565217391,0.130434783,-0.02382491450876826,-0.020989540635404473,-0.739130435
307,Doug McDermott,-0.896331964,-0.662534036,64,20.53567708,10.21875,1.421875,1.921875,2.171875,0.203125,0.09375,-0.028896655301890537,-0.152952410142027,-0.90625
308,Christian Koloko,-0.983348298,-0.664201531,58,13.82528736,3.137931034,0.534482759,0.017241379,2.948275862,0.362068966,0.982758621,-0.1591413226386254,0.011131301560792029,-0.344827586
309,Dru Smith,-1.006126028,-0.664925484,15,10.56,2.933333333,1.466666667,0.333333333,1.6,0.666666667,0.266666667,0.0432874687733686,-0.22708769019171926,-0.2
310,Dyson Daniels,-0.890751457,-0.66564166,59,17.66073446,3.847457627,2.271186441,0.457627119,3.186440678,0.728813559,0.186440678,-0.09055095335136283,-0.2024533300439135,-0.966101695
311,Rodney McGruder,-0.987676675,-0.667903717,32,16.37135417,5.71875,0.875,1.28125,2.3125,0.5,0.03125,0.02380067378345456,-0.32205550872022226,-0.34375
312,Jock Landale,-0.911785214,-0.66937147,69,14.18236715,6.608695652,0.985507246,0.304347826,4.057971014,0.231884058,0.434782609,-0.04745041931950777,0.2563838088223822,-0.855072464
313,John Wall,-0.685493355,-0.670137499,34,22.19901961,11.35294118,5.235294118,0.970588235,2.705882353,0.794117647,0.352941176,-0.33948765196658565,-0.6701533230552197,-2.352941176
314,Nassir Little,-0.945738149,-0.674154548,54,18.07438272,6.648148148,0.925925926,1.074074074,2.611111111,0.37037037,0.37037037,-0.05636818886397399,-0.18770105254005437,-0.666666667
315,Davion Mitchell,-0.929878631,-0.674660652,80,18.085625,5.625,2.3125,0.7875,1.3125,0.55,0.1875,0.008869470785901664,-0.11003328600623327,-0.775
316,DeAndre Jordan,-0.864650309,-0.678118114,39,15.02179487,5.102564103,0.871794872,0.025641026,5.179487179,0.307692308,0.58974359,-0.4002822439312462,0.8537172267735597,-1.230769231
317,Tre Mann,-0.913974234,-0.680793874,67,17.66094527,7.71641791,1.791044776,1.208955224,2.313432836,0.597014925,0.164179104,-0.01635740398217241,-0.616770808766679,-0.925373134
318,Darius Bazley,-0.959478302,-0.681143169,43,14.32790698,5.209302326,0.88372093,0.465116279,3.209302326,0.511627907,0.790697674,-0.3918461842318315,-0.09424067493557814,-0.627906977
319,Nickeil Alexander-Walker,-0.913994596,-0.681732699,59,14.97570621,6.152542373,1.830508475,1.033898305,1.711864407,0.542372881,0.355932203,-0.11887727713806125,-0.1581404986528656,-0.93220339
320,Will Barton,-0.927267458,-0.683412556,56,17.73125,6.767857143,2.0,1.178571429,2.446428571,0.5,0.232142857,0.0030813425479085375,-0.6277376152487251,-0.857142857
321,Vlatko Cancar,-0.964905022,-0.684451714,60,14.81722222,4.95,1.333333333,0.716666667,2.133333333,0.366666667,0.233333333,0.09789885139458716,0.00028385695264010393,-0.616666667
322,Blake Griffin,-0.977686687,-0.685018147,41,13.87560976,4.146341463,1.487804878,0.56097561,3.780487805,0.341463415,0.219512195,-0.0993659755340875,0.02828130426608643,-0.536585366
323,Day'Ron Sharpe,-0.926391111,-0.685040744,48,11.51006944,4.729166667,0.770833333,0.125,4.166666667,0.3125,0.666666667,-0.16866554385350938,0.2428333674598331,-0.875
324,Haywood Highsmith,-0.933651484,-0.685877696,54,17.95,4.37037037,0.796296296,0.685185185,3.481481481,0.666666667,0.314814815,-0.16555100718573326,-0.1805613629222924,-0.833333333
325,Lindy Waters III,-1.024754775,-0.687402467,41,12.94308943,5.219512195,0.682926829,1.414634146,1.829268293,0.341463415,0.268292683,0.008018216519609414,-0.35789925886045293,-0.243902439
326,Chris Duarte,-0.926769997,-0.687575376,46,19.50434783,7.869565217,1.391304348,1.195652174,2.5,0.543478261,0.195652174,0.09964105959829259,-0.7697116029422633,-0.891304348
327,Romeo Langford,-0.956282387,-0.687707084,43,19.63410853,6.906976744,1.162790698,0.372093023,2.651162791,0.558139535,0.302325581,-0.11347694804594217,-0.05128458837756883,-0.697674419
328,Orlando Robinson,-0.986127122,-0.689763219,31,13.71290323,3.741935484,0.806451613,0.0,4.064516129,0.387096774,0.387096774,-0.07388523713315698,0.15042145880915425,-0.516129032
329,Danny Green,-0.929356987,-0.69227257,11,12.60909091,5.545454545,0.545454545,1.454545455,1.272727273,0.545454545,0.272727273,0.01967612218938912,-0.11900899381196951,-0.909090909
330,Dario Saric,-0.921078102,-0.692438344,57,14.1377193,6.350877193,1.298245614,0.789473684,3.631578947,0.350877193,0.122807018,0.060512949140662436,-0.08364496946593133,-0.964912281
331,Ochai Agbaji,-0.964808995,-0.694914353,59,20.49350282,7.915254237,1.13559322,1.372881356,2.050847458,0.271186441,0.254237288,0.03278265649341313,-0.31556976435573364,-0.694915254
332,Lamar Stevens,-1.010160317,-0.700255004,62,18.07096774,5.290322581,0.532258065,0.483870968,3.338709677,0.435483871,0.306451613,-0.07521082901713712,-0.12903900261047538,-0.435483871
333,Chimezie Metu,-1.00544116,-0.702714602,66,10.43787879,4.863636364,0.606060606,0.136363636,3.0,0.333333333,0.318181818,-0.04848596858401689,0.3760999793733991,-0.484848485
334,Jaden Hardy,-0.934242921,-0.703253555,48,14.75798611,8.75,1.354166667,1.3125,1.854166667,0.354166667,0.145833333,0.0645531282261051,-0.25847361994335105,-0.958333333
335,Cam Thomas,-0.912099709,-0.703377002,57,16.6245614,10.59649123,1.368421053,0.894736842,1.666666667,0.350877193,0.122807018,0.2571946989663761,-0.27925138184458476,-1.105263158
336,Austin Rivers,-1.018637715,-0.708710327,52,19.54262821,4.903846154,1.442307692,0.826923077,1.596153846,0.538461538,0.076923077,-0.010748915349867771,-0.16193158317704437,-0.442307692
337,Bruno Fernando,-0.9891027,-0.709244378,39,10.38803419,3.923076923,0.794871795,0.0,3.512820513,0.153846154,0.871794872,-0.10713161042283917,0.14671947524575707,-0.641025641
338,Svi Mykhailiuk,-0.974098634,-0.710597294,32,14.62083333,6.9375,1.65625,1.3125,1.65625,0.46875,0.125,-0.1424669867560351,-0.16548094279341072,-0.75
339,Sandro Mamukelashvili,-0.966604031,-0.712556425,43,15.33992248,6.11627907,1.441860465,0.697674419,4.302325581,0.325581395,0.279069767,-0.13169933525813182,-0.28860596156582263,-0.813953488
340,Kevin Knox,-0.973808404,-0.716223486,63,15.10608466,6.587301587,0.523809524,1.031746032,2.80952381,0.380952381,0.19047619,-0.016091418215617756,-0.09414345737664942,-0.793650794
341,Kai Jones,-0.992459771,-0.716661699,46,11.94782609,3.413043478,0.326086957,0.086956522,2.673913043,0.369565217,0.652173913,-0.029839762015716823,0.21557592068848103,-0.673913043
342,Christian Braun,-1.026271958,-0.717952211,76,15.54057018,4.736842105,0.776315789,0.447368421,2.381578947,0.539473684,0.223684211,-0.13352644724499074,0.07268271007816876,-0.460526316
343,Jeff Green,-0.976859526,-0.72268007,56,19.48392857,7.803571429,1.232142857,0.535714286,2.571428571,0.321428571,0.303571429,-0.0835148342667822,0.0709240331477705,-0.821428571
344,Damian Jones,-1.024820898,-0.730203055,41,11.64227642,3.463414634,0.365853659,0.243902439,2.975609756,0.195121951,0.512195122,-0.017641878480169754,0.3436622660437107,-0.56097561
345,Dewayne Dedmon,-1.012150011,-0.732004849,38,11.21535088,5.236842105,0.684210526,0.315789474,3.526315789,0.236842105,0.5,-0.1419623720432618,0.13605051629736178,-0.657894737
346,Saben Lee,-0.967961875,-0.733450628,25,14.93933333,6.04,2.68,0.44,1.8,0.76,0.04,-0.10652285658359792,-0.34236813865597376,-0.96
347,R.J. Hampton,-0.980734205,-0.735855311,47,15.94893617,6.425531915,1.14893617,0.872340426,1.85106383,0.574468085,0.191489362,-0.054271529079949435,-0.22850909542773531,-0.893617021
348,Aaron Holiday,-1.034814962,-0.740495738,63,13.41613757,3.920634921,1.412698413,0.571428571,1.174603175,0.587301587,0.19047619,0.030571349269519446,-0.20084281461104814,-0.571428571
349,Jaxson Hayes,-1.021448987,-0.740497035,47,12.97836879,4.957446809,0.723404255,0.063829787,2.808510638,0.425531915,0.404255319,-0.14969575397478585,0.2508817035197003,-0.659574468
350,Oshae Brissett,-1.043940213,-0.742089217,65,16.6625641,6.123076923,0.676923077,0.738461538,3.353846154,0.507692308,0.2,-0.14794746438927064,-0.44226140239777145,-0.523076923
351,Montrezl Harrell,-1.032446639,-0.744133967,57,11.94736842,5.614035088,0.578947368,0.0,2.789473684,0.298245614,0.438596491,-0.16034786429317877,0.4487641666953622,-0.614035088
352,Zeke Nnaji,-1.03907498,-0.746099147,53,13.73113208,5.226415094,0.339622642,0.320754717,2.603773585,0.320754717,0.433962264,-0.16190348494443307,0.3162944204313274,-0.58490566
353,Nikola Jovic,-1.030002461,-0.749056159,15,13.62666667,5.466666667,0.666666667,0.533333333,2.066666667,0.466666667,0.133333333,0.20748730221926964,-0.3215344603606363,-0.666666667
354,Garrison Mathews,-1.078058878,-0.749335591,54,12.70833333,4.759259259,0.481481481,1.166666667,1.351851852,0.444444444,0.092592593,0.11983665190311368,-0.41879398447213056,-0.351851852
355,Eugene Omoruyi,-1.004154419,-0.750793656,40,16.135,6.95,0.7,0.625,2.775,0.7,0.075,-0.19417998024966932,-0.18646661216426658,-0.85
356,Evan Fournier,-1.011581842,-0.752652809,27,16.98703704,6.111111111,1.333333333,1.296296296,1.814814815,0.592592593,0.111111111,0.057229045135006845,-0.8505747699526572,-0.814814815
357,David Roddy,-1.015483095,-0.756049266,70,17.97642857,6.657142857,0.842857143,0.928571429,2.757142857,0.414285714,0.271428571,-0.1418796091177001,-0.28274680638343863,-0.814285714
358,Rudy Gay,-1.041574467,-0.758539999,56,14.5639881,5.232142857,1.017857143,0.589285714,2.910714286,0.339285714,0.321428571,0.06438267575848765,-0.4915128981191872,-0.660714286
359,Justin Holiday,-1.071695907,-0.760719692,46,15.34891304,4.456521739,0.891304348,1.0,1.195652174,0.413043478,0.413043478,-0.027576114034279946,-0.4356948481393988,-0.47826087
360,Wesley Matthews,-1.092399942,-0.761315107,52,15.77788462,3.442307692,0.653846154,0.75,2.173076923,0.384615385,0.25,0.03962010812510923,-0.3482950668720093,-0.346153846
361,Davis Bertans,-1.117096349,-0.766561349,45,10.92888889,4.577777778,0.466666667,1.222222222,1.177777778,0.244444444,0.177777778,0.027701336927912976,-0.15802985506179137,-0.222222222
362,Cody Zeller,-1.012306388,-0.769273277,15,14.44111111,6.533333333,0.666666667,0.0,4.266666667,0.2,0.266666667,-0.22831286361141703,0.5955961392092713,-0.933333333
363,Kendrick Nunn,-1.014350781,-0.772374334,70,13.76261905,7.085714286,1.285714286,1.128571429,1.557142857,0.4,0.1,0.04105615881346403,-0.32947362471850644,-0.942857143
364,Duncan Robinson,-1.065105607,-0.780258956,42,16.44563492,6.380952381,1.095238095,1.5,1.642857143,0.333333333,0.0,0.09347607152927917,-0.5890458927802894,-0.666666667
365,Patty Mills,-1.0530292,-0.780757797,40,14.16583333,6.15,1.4,1.225,1.1,0.375,0.075,0.03732800765013225,-0.33551105826724437,-0.75
366,Ousmane Dieng,-1.073261034,-0.787508224,39,14.58247863,4.948717949,1.179487179,0.666666667,2.692307692,0.358974359,0.179487179,-0.07748566906093583,-0.25899890423533145,-0.666666667
367,Gorgui Dieng,-1.024744899,-0.793664893,31,11.5516129,3.903225806,1.709677419,0.677419355,3.451612903,0.129032258,0.451612903,-0.006010146221291237,-0.34375547972206744,-1.032258065
368,Raul Neto,-1.117060702,-0.803974413,48,10.52569444,3.270833333,1.645833333,0.25,0.958333333,0.354166667,0.083333333,0.09080978527961313,0.09736356958993184,-0.5
369,Kevon Harris,-1.099766707,-0.804460926,34,13.43970588,4.147058824,0.470588235,0.470588235,2.058823529,0.5,0.147058824,-0.033119673544540186,-0.11469002937512993,-0.617647059
370,Juan Hernangomez,-1.139805168,-0.804934416,42,14.60714286,2.904761905,0.595238095,0.404761905,2.928571429,0.380952381,0.142857143,-0.08421434520411042,-0.14831743282451468,-0.357142857
371,Markieff Morris,-1.116113925,-0.805058563,35,10.1452381,3.771428571,0.885714286,0.8,2.028571429,0.257142857,0.142857143,0.06183924116665152,-0.22014366127674023,-0.514285714
372,Admiral Schofield,-1.134597611,-0.810454594,37,12.19504505,4.189189189,0.837837838,0.648648649,1.675675676,0.216216216,0.135135135,0.08048807850675999,-0.08202430856368326,-0.432432432
373,McKinley Wright,-1.096198206,-0.812889455,27,12.40864198,4.222222222,2.148148148,0.333333333,1.740740741,0.296296296,0.185185185,-0.06991446197499261,-0.02289621813552757,-0.703703704
374,Josh Christopher,-1.063215531,-0.815087519,64,12.28359375,5.8125,1.140625,0.328125,1.109375,0.515625,0.234375,-0.031464990124834696,-0.054749217614977495,-0.9375
375,Danuel House,-1.137089644,-0.816963592,56,14.40892857,4.785714286,0.785714286,0.660714286,1.678571429,0.25,0.160714286,-0.0359599886997128,-0.012715923391996698,-0.464285714
376,John Butler Jr,-1.199884193,-0.817289539,19,11.6377193,2.368421053,0.578947368,0.421052632,0.894736842,0.368421053,0.473684211,-0.007065822350888351,-0.43220434342634784,-0.052631579
377,Moses Moody,-1.131188025,-0.821881283,63,12.97010582,4.793650794,0.80952381,0.777777778,1.666666667,0.285714286,0.111111111,-0.07188604364451875,0.0002703399549060554,-0.53968254
378,Payton Pritchard,-1.090262819,-0.825087772,48,13.38993056,5.625,1.333333333,1.166666667,1.833333333,0.291666667,0.020833333,-0.011187552033198118,-0.3238644727084505,-0.833333333
379,Jared Rhoden,-1.187087053,-0.827705458,14,14.13214286,3.214285714,0.285714286,0.357142857,2.642857143,0.285714286,0.071428571,0.09275886174997729,-0.28075853373742005,-0.214285714
380,Malachi Flynn,-1.149750061,-0.829216495,53,13.0336478,4.641509434,1.320754717,0.886792453,1.433962264,0.396226415,0.075471698,-0.016180521467858172,-0.5305359823722308,-0.471698113
381,Miles McBride,-1.163733144,-0.830717158,64,11.87526042,3.46875,1.125,0.625,0.78125,0.578125,0.125,-0.0767129928686343,-0.394915902688644,-0.390625
382,Ziaire Williams,-1.073731541,-0.832860153,37,15.1545045,5.675675676,0.945945946,0.675675676,2.135135135,0.378378378,0.162162162,-0.006442660245729328,-0.24963231553172863,-1.0
383,Kessler Edwards,-1.169478867,-0.833236767,35,11.02,2.857142857,0.657142857,0.485714286,1.742857143,0.4,0.171428571,-0.021526852792879844,-0.23542052610000874,-0.371428571
384,Max Christie,-1.181547575,-0.83663734,41,12.49756098,3.12195122,0.512195122,0.634146341,1.829268293,0.219512195,0.170731707,0.035682865859112574,-0.15667719547046757,-0.317073171
385,Taj Gibson,-1.147618264,-0.836753403,48,10.01006944,3.5,0.708333333,0.166666667,1.9375,0.3125,0.25,-0.06061732436651242,0.11537526894556727,-0.541666667
386,MarJon Beauchamp,-1.098613842,-0.836831452,52,13.48685897,5.115384615,0.673076923,0.903846154,2.211538462,0.403846154,0.134615385,-0.03830419746574617,-0.3768096731001294,-0.865384615
387,Juan Toscano-Anderson,-1.131453182,-0.837506359,52,13.46185897,2.980769231,1.25,0.153846154,2.384615385,0.307692308,0.192307692,0.003740312711513996,-0.07739448400907607,-0.653846154
388,J.T. Thor,-1.135366077,-0.838805429,69,14.03961353,3.797101449,0.52173913,0.565217391,2.202898551,0.31884058,0.333333333,-0.05547021473376344,-0.2639945418578637,-0.637681159
389,Caleb Houstan,-1.182458194,-0.842281826,51,15.9248366,3.784313725,0.588235294,0.901960784,1.941176471,0.235294118,0.137254902,0.017566121223699566,-0.40346378704073266,-0.352941176
390,Simone Fontecchio,-1.132630895,-0.851514859,52,14.72564103,6.307692308,0.807692308,1.211538462,1.653846154,0.288461538,0.153846154,0.010062367500883788,-0.6426369163834387,-0.75
391,Jake LaRavia,-1.170370807,-0.853286902,35,11.8352381,3.0,0.6,0.685714286,1.8,0.342857143,0.114285714,-0.001487540090556812,-0.23403172024406355,-0.514285714
392,Derrick Rose,-1.129494991,-0.857464497,27,12.51358025,5.62962963,1.703703704,0.703703704,1.481481481,0.259259259,0.185185185,0.05915733810388399,-0.5420610199791581,-0.814814815
393,Brandon Boston Jr.,-1.173232573,-0.860032288,22,11.28787879,6.5,0.909090909,0.545454545,1.363636364,0.409090909,0.0,-0.03524458740625176,-0.3197681539342403,-0.545454545
394,Jeff Dowtin Jr,-1.227047429,-0.861300063,25,10.348,2.44,1.24,0.2,0.92,0.36,0.12,-0.042082556087936526,-0.08458664506570673,-0.2
395,TyTy Washington,-1.191102422,-0.863266641,31,13.95860215,4.677419355,1.516129032,0.612903226,1.451612903,0.483870968,0.064516129,-0.1323912193659601,-0.5842368863988144,-0.451612903
396,Goran Dragic,-1.097760213,-0.865839756,58,15.00028736,6.293103448,2.603448276,0.896551724,1.396551724,0.224137931,0.068965517,-0.0734537848479554,-0.31651940577330323,-1.086206897
397,Serge Ibaka,-1.159975423,-0.867396037,16,11.584375,4.125,0.25,0.375,2.75,0.125,0.4375,-0.1366446584206901,0.01952634690931572,-0.6875
398,James Bouknight,-1.128088084,-0.873247603,34,15.16078431,5.617647059,1.205882353,0.970588235,2.117647059,0.411764706,0.147058824,-0.10314351980274512,-0.6708620040898571,-0.941176471
399,Johnny Davis,-1.184762447,-0.878596716,28,15.09166667,5.821428571,1.0,0.607142857,2.321428571,0.357142857,0.285714286,-0.2555782750169602,-0.5479999424488957,-0.607142857
400,Isaiah Roby,-1.172319959,-0.885189252,42,11.2765873,4.095238095,0.904761905,0.428571429,2.547619048,0.428571429,0.166666667,-0.28871592621650893,-0.16030628374690647,-0.738095238
401,Jabari Walker,-1.208109299,-0.887313662,56,11.05595238,3.857142857,0.607142857,0.285714286,2.339285714,0.178571429,0.232142857,-0.022505705476147053,-0.19978192127781313,-0.517857143
402,Johnny Juzang,-1.267255848,-0.89254751,18,12.90277778,4.833333333,0.444444444,0.833333333,2.166666667,0.222222222,0.166666667,-0.06301392352213207,-0.8040207340297908,-0.166666667
403,Bryce McGowens,-1.151156565,-0.89289102,46,17.1076087,5.347826087,1.173913043,0.565217391,2.02173913,0.326086957,0.130434783,-0.05836983676061277,-0.34979502461332657,-0.934782609
404,Anthony Gill,-1.259747271,-0.897677835,59,10.58446328,3.305084746,0.576271186,0.06779661,1.677966102,0.118644068,0.203389831,-0.059299964947069995,0.13912104489926677,-0.254237288
405,Daishen Nix,-1.073012545,-0.90080406,57,16.04035088,3.964912281,2.315789474,0.701754386,1.719298246,0.543859649,0.122807018,-0.07382904572524275,-0.5568408333745815,-1.50877193
406,Keon Johnson,-1.156821767,-0.916828213,40,10.40666667,4.725,1.475,0.7,1.1,0.475,0.15,-0.1281517229114859,-0.44184674215105046,-1.075
407,Bryn Forbes,-1.24709015,-0.916860123,25,10.70866667,3.56,0.68,0.56,0.6,0.28,0.08,0.1298624063201058,-0.3793103775855026,-0.48
408,Trent Forrest,-1.225630859,-0.920994429,23,12.04130435,2.260869565,1.652173913,0.0,1.608695652,0.304347826,0.086956522,-0.015247302976153693,-0.15398929493905525,-0.652173913
409,Frank Ntilikina,-1.236743489,-0.926133709,47,12.9248227,2.872340426,1.234042553,0.361702128,1.319148936,0.340425532,0.14893617,-0.08207590731344896,-0.3147203897631238,-0.617021277
410,Duane Washington,-1.176247619,-0.937030823,31,12.70430108,7.870967742,2.032258065,1.290322581,1.161290323,0.193548387,0.129032258,-0.09050012057396827,-0.8960693407287961,-1.096774194
411,Blake Wesley,-1.100384939,-0.958563704,37,18.08288288,4.972972973,2.648648649,0.540540541,2.189189189,0.675675676,0.135135135,-0.22910153687865764,-0.8993139919772047,-1.756756757
412,Amir Coffey,-1.317021415,-0.970933181,50,12.50366667,3.44,1.06,0.22,1.06,0.14,0.1,-0.007288946447777793,-0.25951809921866204,-0.42
