Name,PuntV,LeagV,Punt+,Team,Pos,g,m/g,p/g,3/g,r/g,a/g,s/g,b/g,fg%,fga/g,ft%,fta/g,to/g
Nikola Jokic,1.206958623,0.846672232,0.360286391,DEN,C,69,33.66763285,24.49275362,0.826086957,11.84057971,9.826086957,1.260869565,0.68115942,0.632093933,14.8115942,0.821686747,6.014492754,3.579710145
Joel Embiid,1.165125359,0.830444328,0.334681031,PHI,PF/C,66,34.60833333,33.07575758,1,10.15151515,4.151515152,1,1.696969697,0.548192771,20.12121212,0.857328145,11.68181818,3.424242424
Shai Gilgeous-Alexander,0.988253593,0.754201754,0.234051838,OKC,PG/SG,68,35.52990196,31.39705882,0.852941176,4.838235294,5.455882353,1.647058824,0.955882353,0.509775525,20.30882353,0.905277402,10.86764706,2.823529412
Anthony Davis,0.83958899,0.708996485,0.130592505,LAL,PF/C,56,34.00863095,25.91071429,0.339285714,12.53571429,2.642857143,1.053571429,2.035714286,0.563409563,17.17857143,0.783783784,7.928571429,2.178571429
Kevin Durant,0.984244719,0.683828255,0.300416464,PHO,SF/PF,47,35.56843972,29.06382979,1.978723404,6.659574468,5,0.723404255,1.425531915,0.560324826,18.34042553,0.919161677,7.106382979,3.319148936
Stephen Curry,0.871317786,0.599991599,0.271326187,GSW,PG,56,34.6639881,29.42857143,4.875,6.089285714,6.285714286,0.928571429,0.357142857,0.493380406,20.23214286,0.914590747,5.017857143,3.196428571
Damian Lillard,0.867817,0.583847909,0.283969091,POR,PG,58,36.3204023,32.17241379,4.206896552,4.775862069,7.327586207,0.862068966,0.310344828,0.462562396,20.72413793,0.913978495,9.620689655,3.293103448
Tyrese Haliburton,0.729055119,0.565008068,0.16404705,IND,PG/SG,56,33.62470238,20.71428571,2.875,3.660714286,10.44642857,1.625,0.446428571,0.489892985,15.01785714,0.870646766,3.589285714,2.517857143
Kyrie Irving,0.654393431,0.550476356,0.103917075,DAL,PG/SG,60,37.34083333,27.05,3.133333333,5.066666667,5.516666667,1.1,0.75,0.493765586,20.05,0.904761905,4.55,2.133333333
Jimmy Butler,0.559522383,0.540989229,0.018533155,MIA,SF/PF,64,33.40833333,22.90625,0.5625,5.859375,5.3125,1.828125,0.328125,0.539414414,13.875,0.85045045,8.671875,1.578125
Jayson Tatum,0.727032384,0.514611423,0.212420961,BOS,SF/PF,74,36.92207207,30.06756757,3.243243243,8.77027027,4.621621622,1.054054054,0.689189189,0.466324567,21.06756757,0.853697749,8.405405405,2.878378378
Jaren Jackson Jr.,0.524165089,0.493345609,0.03081948,MEM,PF/C,63,28.37248677,18.61904762,1.587301587,6.761904762,0.952380952,1.031746032,3,0.506082725,13.04761905,0.787581699,4.857142857,1.698412698
Kawhi Leonard,0.51748981,0.488234989,0.029254821,LAC,SG/SF,52,33.60801282,23.82692308,2,6.5,3.923076923,1.384615385,0.538461538,0.512055109,16.75,0.870967742,5.365384615,1.692307692
Kristaps Porzingis,0.5575239,0.467826544,0.089697356,WAS,PF/C,65,32.60846154,23.15384615,2.107692308,8.4,2.676923077,0.892307692,1.538461538,0.498035363,15.66153846,0.850961538,6.4,2.107692308
Donovan Mitchell,0.595817177,0.429157814,0.166659363,CLE,PG/SG,68,35.76911765,28.26470588,3.602941176,4.25,4.426470588,1.455882353,0.397058824,0.484308131,20.61764706,0.866847826,5.411764706,2.647058824
Luka Doncic,0.712441443,0.407634216,0.304807227,DAL,PG/SG,66,36.21994949,32.39393939,2.803030303,8.621212121,8.015151515,1.363636364,0.5,0.496204279,21.95454545,0.742074928,10.51515152,3.575757576
James Harden,0.671604699,0.400140348,0.271464352,PHI,PG/SG,58,36.81034483,20.96551724,2.775862069,6.103448276,10.65517241,1.224137931,0.534482759,0.440617577,14.51724138,0.867036011,6.224137931,3.362068966
Fred VanVleet,0.416371,0.352967063,0.063403937,TOR,PG,69,36.73888889,19.34782609,3,4.057971014,7.173913043,1.782608696,0.550724638,0.392985612,16.11594203,0.897526502,4.101449275,2.028985507
Lauri Markkanen,0.396452404,0.349381127,0.047071277,UTA,SF/PF,66,34.43282828,25.62121212,3.03030303,8.636363636,1.863636364,0.636363636,0.575757576,0.498689956,17.34848485,0.874686717,6.045454545,1.924242424
Myles Turner,0.302472959,0.301290075,0.001182884,IND,C,62,29.43817204,17.9516129,1.5,7.516129032,1.435483871,0.580645161,2.258064516,0.548431105,11.82258065,0.782608696,4.451612903,1.661290323
Domantas Sabonis,0.47428311,0.285495075,0.188788035,SAC,PF/C,79,34.62890295,19.11392405,0.392405063,12.3164557,7.253164557,0.82278481,0.493670886,0.615138593,11.87341772,0.742009132,5.544303797,2.911392405
Brook Lopez,0.227987922,0.274105458,-0.046117536,MIL,C,78,30.41666667,15.88461538,1.743589744,6.666666667,1.269230769,0.474358974,2.474358974,0.530589544,11.52564103,0.784210526,2.435897436,1.371794872
LeBron James,0.507151054,0.270904547,0.236246508,LAL,SF/PF,55,35.52515152,28.90909091,2.2,8.309090909,6.818181818,0.909090909,0.581818182,0.499589828,22.16363636,0.767584098,5.945454545,3.236363636
Nicolas Claxton,0.207893831,0.270888428,-0.062994596,BKN,C,76,29.8754386,12.64473684,0,9.236842105,1.894736842,0.855263158,2.486842105,0.70528109,7.723684211,0.540650407,3.236842105,1.263157895
Paul George,0.478434669,0.257983648,0.22045102,LAC,SG/SF/PF,56,34.62410714,23.78571429,2.821428571,6.107142857,5.142857143,1.482142857,0.357142857,0.457171315,17.92857143,0.870748299,5.25,3.142857143
Nikola Vucevic,0.244773967,0.245441541,-0.000667574,CHI,C,82,33.49004065,17.64634146,1.475609756,11.01219512,3.231707317,0.731707317,0.695121951,0.520034843,14,0.835443038,1.926829268,1.695121951
O.G. Anunoby,0.253521852,0.216143457,0.037378396,TOR,SG/SF,67,35.60646766,16.7761194,2.119402985,4.955223881,1.955223881,1.910447761,0.746268657,0.475706215,13.20895522,0.838323353,2.492537313,1.970149254
DeMar DeRozan,0.255731752,0.204975717,0.050756036,CHI,SF/PF,74,36.23783784,24.54054054,0.621621622,4.635135135,5.094594595,1.121621622,0.486486486,0.504221028,17.60810811,0.871892925,7.067567568,2.067567568
Devin Booker,0.334449469,0.184861942,0.149587528,PHO,SG/SF,53,34.63081761,27.75471698,2.094339623,4.528301887,5.528301887,0.962264151,0.339622642,0.493908154,20.13207547,0.854748603,6.754716981,2.735849057
LaMelo Ball,0.45778457,0.180251331,0.277533239,CHA,PG/SG,36,35.2162037,23.27777778,4,6.416666667,8.444444444,1.277777778,0.305555556,0.410540915,20.02777778,0.836065574,3.388888889,3.583333333
Chris Paul,0.201524219,0.175038482,0.026485737,PHO,PG,59,32.01045198,13.88135593,1.661016949,4.254237288,8.881355932,1.542372881,0.372881356,0.44011976,11.3220339,0.83125,2.711864407,1.93220339
Mikal Bridges,0.138703652,0.173399196,-0.034695544,BKN,SG/SF,83,35.69919679,20.13253012,2.036144578,4.385542169,3.289156627,1.096385542,0.734939759,0.468034728,15.26506024,0.895184136,4.253012048,1.530120482
Jarrett Allen,0.094503067,0.156011383,-0.061508316,CLE,C,68,32.64779412,14.25,0.014705882,9.794117647,1.661764706,0.794117647,1.235294118,0.643769968,9.205882353,0.733031674,3.25,1.367647059
Dejounte Murray,0.212160716,0.153494451,0.058666265,ATL,PG/SG,74,36.39662162,20.47297297,1.797297297,5.256756757,6.054054054,1.513513514,0.256756757,0.46398787,17.82432432,0.831578947,2.567567568,2.162162162
Bam Adebayo,0.261330669,0.152558839,0.108771831,MIA,C,75,34.64088889,20.38666667,0.013333333,9.173333333,3.2,1.173333333,0.813333333,0.540394973,14.85333333,0.805970149,5.36,2.493333333
Desmond Bane,0.208605522,0.148952347,0.059653174,MEM,SG/SF,58,31.74913793,21.5,2.862068966,5.017241379,4.379310345,0.965517241,0.379310345,0.479233227,16.18965517,0.882926829,3.534482759,2.172413793
Jrue Holiday,0.3068078,0.132731558,0.174076242,MIL,PG/SG,67,32.57562189,19.25373134,2.358208955,5.089552239,7.388059701,1.179104478,0.373134328,0.478983382,15.26865672,0.858757062,2.641791045,2.940298507
Karl-Anthony Towns,0.304788761,0.127537344,0.177251417,MIN,PF/C,29,33.00172414,20.75862069,2.068965517,8.137931034,4.827586207,0.689655172,0.586206897,0.495327103,14.75862069,0.874074074,4.655172414,2.965517241
Anthony Edwards,0.341636039,0.11810262,0.223533419,MIN,SG/SF,79,35.9685654,24.63291139,2.696202532,5.797468354,4.430379747,1.582278481,0.734177215,0.458792992,19.50632911,0.755924171,5.341772152,3.278481013
Clint Capela,-0.04308511,0.106082502,-0.149167612,ATL,C,65,26.61820513,11.98461538,0,11.03076923,0.892307692,0.692307692,1.215384615,0.652985075,8.246153846,0.603053435,2.015384615,0.830769231
De'Aaron Fox,0.19025876,0.09125502,0.09900374,SAC,PG,73,33.35890411,25.01369863,1.630136986,4.191780822,6.123287671,1.136986301,0.315068493,0.512396694,18.23287671,0.779545455,6.02739726,2.479452055
Pascal Siakam,0.15962639,0.07739452,0.082231869,TOR,PF/C,71,37.34882629,24.22535211,1.309859155,7.830985915,5.845070423,0.915492958,0.507042254,0.479817212,18.49295775,0.774261603,6.676056338,2.38028169
Trey Murphy,-0.092235647,0.070294817,-0.162530464,NOR,SF/PF,79,30.98670886,14.53164557,2.556962025,3.556962025,1.417721519,1.126582278,0.544303797,0.48375,10.12658228,0.905263158,2.405063291,0.772151899
Jalen Brunson,0.104417791,0.067688385,0.036729406,NYK,PG/SG,68,34.98210784,24.01470588,1.970588235,3.544117647,6.191176471,0.897058824,0.220588235,0.491213389,17.57352941,0.829081633,5.764705882,2.088235294
Jaylen Brown,0.227176384,0.061948077,0.165228306,BOS,SG/SF,67,35.89452736,26.62686567,2.432835821,6.850746269,3.462686567,1.119402985,0.388059701,0.490961678,20.64179104,0.764534884,5.134328358,2.940298507
Darius Garland,0.215647755,0.059281693,0.156366062,CLE,PG,69,35.46642512,21.5942029,2.449275362,2.68115942,7.797101449,1.231884058,0.130434783,0.462356067,16.36231884,0.862928349,4.652173913,2.884057971
Buddy Hield,0.03988709,0.057607265,-0.017720175,IND,SG/SF,80,31.02354167,16.8,3.6,5,2.8125,1.15,0.325,0.45761079,12.975,0.821705426,1.6125,1.7375
Zach LaVine,0.15659516,0.055935939,0.100659221,CHI,SG/SF,77,35.9474026,24.84415584,2.649350649,4.480519481,4.246753247,0.896103896,0.233766234,0.484870317,18.02597403,0.848130841,5.558441558,2.519480519
Trae Young,0.393037766,0.051758768,0.341278997,ATL,PG,73,34.80547945,26.21917808,2.109589041,2.97260274,10.15068493,1.095890411,0.123287671,0.429496403,19.04109589,0.885758998,8.753424658,4.109589041
Mitchell Robinson,-0.137641564,0.040345586,-0.17798715,NYK,C,59,26.96779661,7.372881356,0,9.406779661,0.898305085,0.949152542,1.847457627,0.671428571,4.745762712,0.483606557,2.06779661,0.694915254
Evan Mobley,0.035489601,0.038789214,-0.003299613,CLE,PF/C,79,34.36940928,16.16455696,0.278481013,9,2.835443038,0.759493671,1.506329114,0.55438226,11.98734177,0.674342105,3.848101266,1.848101266
Cam Johnson,-0.120968172,0.03008837,-0.151056542,BKN,SF/PF,42,28.56587302,15.47619048,2.452380952,4.404761905,1.857142857,1.19047619,0.333333333,0.470464135,11.28571429,0.841666667,2.857142857,0.880952381
Bradley Beal,0.184568876,0.02950702,0.155061856,WAS,SG,50,33.45833333,23.2,1.6,3.92,5.42,0.9,0.66,0.505694761,17.56,0.842105263,4.56,2.9
Deandre Ayton,0.003219725,0.017796157,-0.014576432,PHO,C,67,30.37985075,17.95522388,0.104477612,9.955223881,1.71641791,0.552238806,0.791044776,0.588500564,13.23880597,0.76,2.985074627,1.791044776
Walker Kessler,-0.156905681,0.011242351,-0.168148032,UTA,PF/C,74,23.01756757,9.175675676,0.013513514,8.378378378,0.932432432,0.351351351,2.337837838,0.719806763,5.594594595,0.51572327,2.148648649,0.783783784
Tobias Harris,-0.0998979,0.005445204,-0.105343104,PHI,SF/PF,74,32.91711712,14.66216216,1.702702703,5.72972973,2.513513514,0.918918919,0.540540541,0.500591716,11.41891892,0.875968992,1.743243243,1.202702703
Delon Wright,-0.149057276,0.00524866,-0.154305936,WAS,PG/SG,50,24.423,7.38,0.82,3.6,3.88,1.84,0.34,0.474226804,5.82,0.866666667,1.2,0.88
Rudy Gobert,-0.018671889,0.004832691,-0.02350458,MIN,C,70,30.69214286,13.41428571,0,11.62857143,1.242857143,0.8,1.357142857,0.659340659,7.8,0.644117647,4.857142857,1.742857143
Jamal Murray,0.05142888,0.0013734,0.05005548,DEN,PG/SG,65,32.82102564,19.96923077,2.646153846,3.953846154,6.153846154,1.015384615,0.246153846,0.454370797,16.01538462,0.833333333,3.323076923,2.230769231
Brandon Ingram,0.205553889,-0.004262284,0.209816173,NOR,SG/SF/PF,45,34.18222222,24.71111111,1.422222222,5.466666667,5.822222222,0.711111111,0.422222222,0.483832335,18.55555556,0.882352941,6.044444444,3.288888889
Andrew Wiggins,-0.097921267,-0.005549244,-0.092372023,GSW,SF/PF,37,32.16936937,17.10810811,2.405405405,5.027027027,2.297297297,1.216216216,0.756756757,0.472589792,14.2972973,0.611111111,1.945945946,1.297297297
Gary Trent,-0.178965909,-0.015046074,-0.163919835,TOR,PG/SG,66,32.08964646,17.39393939,2.515151515,2.621212121,1.606060606,1.575757576,0.212121212,0.43315508,14.16666667,0.83902439,3.106060606,0.833333333
Al Horford,-0.217457378,-0.016095363,-0.201362014,BOS,PF/C,63,30.50952381,9.777777778,2.301587302,6.19047619,3,0.476190476,0.968253968,0.475991649,7.603174603,0.714285714,0.333333333,0.587301587
Klay Thompson,-0.038067026,-0.017765984,-0.020301042,GSW,SG/SF,69,33.02705314,21.86956522,4.362318841,4.144927536,2.362318841,0.710144928,0.420289855,0.436102236,18.14492754,0.878787879,1.913043478,1.782608696
Jakob Poeltl,-0.047432804,-0.019823195,-0.027609609,TOR,C,72,26.47384259,12.45833333,0,9.069444444,2.736111111,0.916666667,1.194444444,0.629449838,8.583333333,0.592039801,2.791666667,1.736111111
Zion Williamson,0.205181967,-0.021430107,0.226612074,NOR,PF/C,29,32.97011494,26,0.24137931,6.965517241,4.586206897,1.103448276,0.551724138,0.607675906,16.17241379,0.713709677,8.551724138,3.413793103
Kris Dunn,-0.074702072,-0.024489152,-0.05021292,UTA,PG/SG,22,25.7969697,13.18181818,0.772727273,4.545454545,5.636363636,1.136363636,0.454545455,0.537037037,9.818181818,0.773584906,2.409090909,1.590909091
Robert Williams,-0.168926267,-0.024737338,-0.144188929,BOS,C,35,23.53095238,7.971428571,0,8.342857143,1.428571429,0.628571429,1.371428571,0.747058824,4.857142857,0.609756098,1.171428571,0.971428571
Jerami Grant,-0.038875017,-0.026391785,-0.012483232,POR,PF,63,35.64338624,20.47619048,2.285714286,4.492063492,2.380952381,0.80952381,0.841269841,0.475355969,14.49206349,0.812865497,5.428571429,1.841269841
Jalen Williams,-0.069965903,-0.026896732,-0.04306917,OKC,SG/SF,75,30.34,14.08,0.973333333,4.493333333,3.306666667,1.373333333,0.466666667,0.521410579,10.58666667,0.811518325,2.546666667,1.64
Julius Randle,0.101827038,-0.031261436,0.133088474,NYK,PF,77,35.55,25.14285714,2.831168831,9.961038961,4.103896104,0.636363636,0.272727273,0.459497207,18.5974026,0.757062147,6.896103896,2.805194805
De'Anthony Melton,-0.140741454,-0.04730222,-0.093439233,PHI,PG/SG,77,27.91926407,10.12987013,2.038961039,4.051948052,2.558441558,1.636363636,0.532467532,0.425499232,8.454545455,0.793103448,1.12987013,1.324675325
Onyeka Okongwu,-0.1901956,-0.049179885,-0.141015715,ATL,C,80,23.10729167,9.8875,0.05,7.2,1.0125,0.7,1.3375,0.637826962,6.2125,0.780612245,2.45,1.0125
Tyrese Maxey,-0.144177201,-0.051523327,-0.092653874,PHI,PG/SG,60,33.59472222,20.3,2.666666667,2.933333333,3.533333333,0.816666667,0.133333333,0.480832421,15.21666667,0.845070423,3.55,1.333333333
Devin Vassell,-0.120023158,-0.052519916,-0.067503241,SAS,SG/SF,38,31.00219298,18.5,2.710526316,3.894736842,3.578947368,1.131578947,0.447368421,0.438655462,15.65789474,0.78,2.631578947,1.5
Tyler Herro,0.009365624,-0.053195176,0.0625608,MIA,PG/SG,67,34.87711443,20.10447761,3.029850746,5.373134328,4.179104478,0.76119403,0.23880597,0.439134355,16.55223881,0.934065934,2.71641791,2.358208955
D'Angelo Russell,0.046291497,-0.055623926,0.101915423,LAL,PG/SG,71,32.45234742,17.78873239,2.732394366,3.028169014,6.154929577,0.985915493,0.408450704,0.469409283,13.35211268,0.828703704,3.042253521,2.61971831
Michael Porter Jr.,-0.192874911,-0.062921749,-0.129953162,DEN,SF/PF,62,28.99704301,17.41935484,3.032258065,5.5,1.048387097,0.596774194,0.467741935,0.487148103,13.17741935,0.8,1.935483871,1.096774194
Kyle Anderson,-0.132908977,-0.062997159,-0.069911819,MIN,SF/PF,69,28.35531401,9.376811594,0.623188406,5.333333333,4.855072464,1.130434783,0.913043478,0.509090909,7.173913043,0.735294118,1.971014493,1.492753623
Alperen Sengun,0.024538472,-0.068707202,0.093245674,HOU,C,75,28.94488889,14.78666667,0.253333333,9.04,3.88,0.933333333,0.933333333,0.553191489,10.65333333,0.715277778,3.84,2.573333333
Kevin Porter,0.110776418,-0.074698794,0.185475212,HOU,PG,59,34.30367232,19.15254237,2.389830508,5.322033898,5.728813559,1.389830508,0.288135593,0.442307692,14.98305085,0.784090909,4.474576271,3.186440678
Scottie Barnes,-0.071925726,-0.077167193,0.005241467,TOR,SF/PF,77,34.77748918,15.31168831,0.818181818,6.649350649,4.818181818,1.077922078,0.792207792,0.455708661,13.19480519,0.772357724,3.194805195,2
Derrick White,-0.212021222,-0.08826633,-0.123754892,BOS,PG/SG,82,28.28292683,12.40243902,1.817073171,3.573170732,3.914634146,0.658536585,0.926829268,0.461741425,9.243902439,0.875,2.341463415,1.158536585
Josh Hart,-0.154393356,-0.0883923,-0.066001056,NYK,SG/SF,76,32.29035088,9.776315789,0.802631579,7.802631579,3.815789474,1.157894737,0.276315789,0.528846154,6.842105263,0.75,2.315789474,1.539473684
C.J. McCollum,-0.017896443,-0.088453647,0.070557204,NOR,PG/SG,75,35.31711111,20.90666667,2.813333333,4.373333333,5.72,0.933333333,0.506666667,0.436755952,17.92,0.768907563,3.173333333,2.44
Kevin Huerter,-0.192768518,-0.089323565,-0.103444953,SAC,SG/SF,75,29.37133333,15.2,2.733333333,3.346666667,2.946666667,1.066666667,0.32,0.484988453,11.54666667,0.72519084,1.746666667,1.293333333
Markelle Fultz,-0.047804147,-0.098412804,0.050608657,ORL,PG/SG,60,29.63361111,13.95,0.45,3.9,5.683333333,1.45,0.433333333,0.513991163,11.31666667,0.783216783,2.383333333,2.316666667
Christian Wood,-0.126457256,-0.099484227,-0.026973029,DAL,PF/C,67,25.94626866,16.62686567,1.567164179,7.328358209,1.805970149,0.447761194,1.074626866,0.514954486,11.47761194,0.772241993,4.194029851,1.805970149
Kelly Oubre,-0.202788645,-0.103622388,-0.099166256,CHA,SG/SF,48,32.24027778,20.25,2.25,5.1875,1.125,1.416666667,0.375,0.431013431,17.0625,0.759615385,4.333333333,1.333333333
Ja Morant,0.104863479,-0.105648975,0.210512454,MEM,PG,61,31.93989071,26.16393443,1.508196721,5.852459016,8.081967213,1.081967213,0.262295082,0.466227348,19.90163934,0.748490946,8.147540984,3.37704918
Spencer Dinwiddie,-0.132539176,-0.108863356,-0.02367582,BKN,PG/SG,79,34.49831224,17.32911392,2.291139241,3.417721519,6.518987342,0.848101266,0.303797468,0.438095238,13.29113924,0.812121212,4.17721519,1.835443038
Kentavious Caldwell-Pope,-0.239598549,-0.109145591,-0.130452959,DEN,SG/SF,76,31.33179825,10.81578947,1.776315789,2.736842105,2.407894737,1.473684211,0.460526316,0.462025316,8.315789474,0.824,1.644736842,1.131578947
Tre Jones,-0.173785109,-0.116167271,-0.057617839,SAS,PG,68,29.17156863,12.86764706,0.661764706,3.602941176,6.588235294,1.308823529,0.132352941,0.458950202,10.92647059,0.860465116,2.529411765,1.617647059
Draymond Green,0.002003565,-0.118554511,0.120558075,GSW,PF/C,73,31.47237443,8.452054795,0.547945205,7.191780822,6.849315068,1.01369863,0.821917808,0.52742616,6.493150685,0.712962963,1.479452055,2.794520548
Terry Rozier,-0.099235954,-0.118560551,0.019324597,CHA,PG/SG,63,35.2537037,21.0952381,2.619047619,4.111111111,5.063492063,1.174603175,0.253968254,0.414983165,18.85714286,0.809090909,3.492063492,2.126984127
PJ Washington,-0.1947106,-0.119832049,-0.074878551,CHA,PF/C,73,32.59680365,15.67123288,2.04109589,4.904109589,2.397260274,0.904109589,1.082191781,0.443762781,13.39726027,0.729885057,2.383561644,1.506849315
Mike Conley,-0.194535307,-0.12378283,-0.070752477,MIN,PG,67,30.27313433,11.91044776,2.014925373,2.71641791,6.71641791,1.089552239,0.208955224,0.427868852,9.104477612,0.834319527,2.52238806,1.537313433
Anfernee Simons,-0.121691487,-0.13010027,0.008408783,POR,PG/SG,62,35.00994624,21.06451613,3.419354839,2.596774194,4.080645161,0.677419355,0.225806452,0.446889952,16.85483871,0.893854749,2.887096774,2.064516129
John Collins,-0.272937609,-0.13623218,-0.136705429,ATL,PF/C,71,29.99530516,13.11267606,0.985915493,6.507042254,1.197183099,0.591549296,1.028169014,0.507779349,9.957746479,0.803370787,2.507042254,1.112676056
Herb Jones,-0.249537132,-0.145176599,-0.104360533,NOR,SG/SF/PF,66,29.55353535,9.833333333,0.848484848,4.075757576,2.454545455,1.560606061,0.636363636,0.469061876,7.590909091,0.763975155,2.439393939,1.333333333
Giannis Antetokounmpo,0.13048446,-0.154011025,0.284495485,MIL,PF/C,63,32.11931217,31.0952381,0.746031746,11.77777778,5.698412698,0.825396825,0.80952381,0.553208138,20.28571429,0.64507772,12.25396825,3.904761905
Wendell Carter Jr.,-0.181347966,-0.155511954,-0.025836012,ORL,PF/C,57,29.64181287,15.22807018,1.403508772,8.719298246,2.315789474,0.526315789,0.578947368,0.525285481,10.75438596,0.738461538,3.421052632,1.859649123
Franz Wagner,-0.150091655,-0.158443115,0.00835146,ORL,SG/SF/PF,80,32.60895833,18.5625,1.625,4.1125,3.5375,0.9625,0.2125,0.484794275,13.975,0.841614907,4.025,2.0875
Immanuel Quickley,-0.279853068,-0.158810409,-0.121042659,NYK,PG/SG,81,28.93806584,14.92592593,2.074074074,4.160493827,3.444444444,0.987654321,0.172839506,0.447649573,11.55555556,0.818548387,3.061728395,1.234567901
Kelly Olynyk,-0.09274359,-0.159107772,0.066364182,UTA,PF/C,68,28.55392157,12.45588235,1.367647059,6.176470588,3.705882353,0.882352941,0.544117647,0.499102334,8.191176471,0.853448276,3.411764706,2.470588235
Malcolm Brogdon,-0.246416645,-0.159839791,-0.086576854,BOS,PG/SG,67,26.02636816,14.92537313,1.970149254,4.179104478,3.701492537,0.671641791,0.268656716,0.483606557,10.92537313,0.869565217,2.746268657,1.462686567
Bojan Bogdanovic,-0.126561025,-0.164572898,0.038011873,DET,SF/PF,59,32.08276836,21.57627119,2.457627119,3.779661017,2.576271186,0.576271186,0.13559322,0.487528345,14.94915254,0.884488449,5.13559322,2.288135593
Marcus Smart,-0.119987959,-0.166296113,0.046308154,BOS,PG/SG,61,32.07404372,11.52459016,1.885245902,3.131147541,6.262295082,1.524590164,0.37704918,0.415282392,9.868852459,0.745762712,1.93442623,2.344262295
Donte DiVincenzo,-0.240698331,-0.167275687,-0.073422644,GSW,PG/SG,72,26.30856481,9.416666667,2.083333333,4.513888889,3.5,1.347222222,0.138888889,0.435185185,7.5,0.816901408,0.986111111,1.555555556
Josh Giddey,-0.056423112,-0.168035313,0.111612201,OKC,SG/SF,76,31.14714912,16.57894737,1,7.881578947,6.171052632,0.75,0.407894737,0.482110912,14.71052632,0.731034483,1.907894737,2.776315789
Ivica Zubac,-0.245489299,-0.169366472,-0.076122828,LAC,C,76,28.54627193,10.76315789,0,9.947368421,1.013157895,0.381578947,1.289473684,0.634241245,6.763157895,0.697478992,3.131578947,1.539473684
Keegan Murray,-0.374118827,-0.17728191,-0.196836917,SAC,SF/PF,80,29.77166667,12.2,2.575,4.6375,1.225,0.7625,0.525,0.452685422,9.775,0.765432099,1.0125,0.75
Jaden McDaniels,-0.273093727,-0.177491415,-0.095602312,MIN,SF/PF,79,30.58755274,12.06329114,1.35443038,3.886075949,1.873417722,0.936708861,0.962025316,0.516759777,9.063291139,0.736111111,1.82278481,1.417721519
Kevon Looney,-0.415046603,-0.186537544,-0.228509059,GSW,C,82,23.87235772,7.048780488,0,9.268292683,2.524390244,0.634146341,0.609756098,0.630208333,4.682926829,0.606451613,1.890243902,0.548780488
Kyle Lowry,-0.223561158,-0.194797741,-0.028763418,MIA,PG,55,31.23121212,11.18181818,1.945454545,4.090909091,5.109090909,1.036363636,0.381818182,0.404123711,8.818181818,0.859259259,2.454545455,1.872727273
Bobby Portis,-0.336766236,-0.198962911,-0.137803325,MIL,PF/C,70,25.97809524,14.1,1.357142857,9.6,1.5,0.414285714,0.228571429,0.495641345,11.47142857,0.768,1.785714286,1.157142857
Jonas Valanciunas,-0.208710953,-0.200460404,-0.008250549,NOR,C,79,24.91540084,14.11392405,0.481012658,10.17721519,1.772151899,0.253164557,0.658227848,0.546568627,10.32911392,0.825892857,2.835443038,2.012658228
Bruce Brown,-0.282555391,-0.202048054,-0.080507337,DEN,SG/SF/PF,80,28.49375,11.5375,1.1375,4.1,3.35,1.0875,0.6375,0.483130904,9.2625,0.758169935,1.9125,1.5375
Jusuf Nurkic,-0.18257777,-0.214409498,0.031831728,POR,C,52,26.75929487,13.34615385,0.826923077,9.057692308,2.865384615,0.826923077,0.846153846,0.518811881,9.711538462,0.661458333,3.692307692,2.288461538
Aaron Gordon,-0.311511807,-0.214802572,-0.096709234,DEN,SF/PF,68,30.22181373,16.30882353,0.882352941,6.558823529,2.985294118,0.794117647,0.75,0.563731932,11.19117647,0.608280255,4.617647059,1.441176471
Alex Caruso,-0.356165088,-0.215142872,-0.141022216,CHI,PG/SG,67,23.51318408,5.582089552,0.820895522,2.925373134,2.880597015,1.462686567,0.686567164,0.454545455,4.268656716,0.808219178,1.089552239,1.149253731
Bogdan Bogdanovic,-0.351517497,-0.218351596,-0.133165901,ATL,SG/SF,54,27.9345679,14,2.703703704,3.055555556,2.777777778,0.796296296,0.333333333,0.446808511,11.31481481,0.831168831,1.425925926,1.203703704
Cole Anthony,-0.305547409,-0.219677047,-0.085870362,ORL,PG,60,25.86305556,13.01666667,1.25,4.8,3.916666667,0.616666667,0.516666667,0.454098361,10.16666667,0.894117647,2.833333333,1.516666667
Saddiq Bey,-0.418387192,-0.23982786,-0.178559332,ATL,SF/PF,77,27.64437229,13.79220779,1.961038961,4.701298701,1.532467532,0.909090909,0.168831169,0.422248804,10.85714286,0.861344538,3.090909091,0.922077922
Mark Williams,-0.419305845,-0.241743695,-0.17756215,CHA,C,43,19.25542636,9,0,7.069767442,0.418604651,0.651162791,1.046511628,0.637450199,5.837209302,0.690721649,2.255813953,0.930232558
Jarred Vanderbilt,-0.387421486,-0.255642935,-0.131778551,LAL,PF/C,78,24.09722222,7.935897436,0.371794872,7.461538462,2.358974359,1.064102564,0.269230769,0.54767184,5.782051282,0.690647482,1.782051282,1.243589744
Harrison Barnes,-0.417668031,-0.256268251,-0.16139978,SAC,SF/PF,82,32.46361789,15,1.609756098,4.463414634,1.56097561,0.695121951,0.12195122,0.472819216,9.646341463,0.847457627,5.036585366,1.048780488
Monte Morris,-0.432822004,-0.258814364,-0.174007641,WAS,PG,62,27.33682796,10.25806452,1.258064516,3.387096774,5.258064516,0.693548387,0.209677419,0.47961165,8.306451613,0.831168831,1.241935484,0.967741935
Royce O'Neale,-0.353514839,-0.260068077,-0.093446761,BKN,SG/SF,76,31.69692982,8.828947368,2.144736842,5.052631579,3.723684211,0.855263158,0.644736842,0.386172007,7.802631579,0.724637681,0.907894737,1.5
Tyus Jones,-0.440914227,-0.260245791,-0.180668436,MEM,PG,80,24.24375,10.2875,1.5125,2.5,5.2125,1.0375,0.075,0.438028169,8.875,0.8,1.25,0.925
Patrick Williams,-0.397003049,-0.262558116,-0.134444933,CHI,PF,82,28.3300813,10.15853659,1.402439024,3.987804878,1.219512195,0.87804878,0.853658537,0.463810931,8.256097561,0.857142857,1.280487805,1.231707317
Jalen Duren,-0.375762678,-0.262742302,-0.113020375,DET,PF/C,67,24.92810945,9.134328358,0,8.880597015,1.119402985,0.656716418,0.880597015,0.648241206,5.940298507,0.611464968,2.343283582,1.373134328
Ben Simmons,-0.236572652,-0.265244165,0.028671514,BKN,PG/SG/PF,42,26.30833333,6.928571429,0,6.261904762,6.095238095,1.285714286,0.571428571,0.565957447,5.595238095,0.438596491,1.357142857,2.30952381
Mason Plumlee,-0.363795415,-0.266646853,-0.097148562,LAC,C,79,25.99556962,10.84810127,0,8.860759494,3.101265823,0.582278481,0.594936709,0.679752066,6.126582278,0.635782748,3.962025316,1.481012658
Larry Nance Jr.,-0.495619917,-0.271284303,-0.224335614,NOR,PF/C,65,21.24820513,6.784615385,0.215384615,5.446153846,1.830769231,0.861538462,0.569230769,0.609836066,4.692307692,0.696202532,1.215384615,0.646153846
Cade Cunningham,-0.104696909,-0.274798506,0.170101598,DET,PG/SG,12,33.34861111,19.91666667,1.416666667,6.166666667,6,0.833333333,0.583333333,0.415178571,18.66666667,0.837209302,3.583333333,3.25
Daniel Gafford,-0.438368813,-0.280190817,-0.158177996,WAS,C,78,20.56645299,9.038461538,0,5.551282051,1.076923077,0.423076923,1.269230769,0.73164557,5.064102564,0.679144385,2.397435897,1.08974359
Grayson Allen,-0.458387926,-0.28588805,-0.172499876,MIL,SG/SF,72,27.38773148,10.41666667,2.027777778,3.291666667,2.263888889,0.861111111,0.194444444,0.439856373,7.736111111,0.904761905,1.75,1
Caleb Martin,-0.443494739,-0.285939911,-0.157554828,MIA,SF/PF,71,29.257277,9.61971831,1.183098592,4.845070423,1.647887324,1,0.436619718,0.46350365,7.718309859,0.805309735,1.591549296,1.098591549
Tari Eason,-0.433538211,-0.295033815,-0.138504396,HOU,SF/PF,82,21.5504065,9.268292683,0.719512195,6.048780488,1.073170732,1.170731707,0.573170732,0.448484848,8.048780488,0.751724138,1.768292683,1.231707317
Jabari Smith Jr,-0.423684871,-0.297699465,-0.125985405,HOU,PF/C,79,31.01940928,12.78481013,1.518987342,7.202531646,1.278481013,0.544303797,0.936708861,0.408071749,11.29113924,0.786407767,2.607594937,1.316455696
Kyle Kuzma,-0.173223315,-0.297798059,0.124574744,WAS,SF/PF,64,34.98125,21.203125,2.5,7.234375,3.734375,0.5625,0.453125,0.448336252,17.84375,0.729957806,3.703125,2.96875
Zach Collins,-0.313151347,-0.298009067,-0.01514228,SAS,PF/C,63,22.86693122,11.6031746,0.873015873,6.380952381,2.857142857,0.587301587,0.777777778,0.518248175,8.698412698,0.76056338,2.253968254,2.047619048
Austin Reaves,-0.392248407,-0.300816717,-0.09143169,LAL,SG/SF,64,28.79947917,13.015625,1.34375,3.015625,3.359375,0.515625,0.296875,0.528571429,7.65625,0.864150943,4.140625,1.546875
Jordan Poole,-0.163079645,-0.302857493,0.139777847,GSW,PG/SG,82,29.97703252,20.42682927,2.609756098,2.743902439,4.5,0.768292683,0.256097561,0.430359937,15.58536585,0.869879518,5.06097561,3.073170732
Khris Middleton,-0.302891565,-0.30289457,3.00483E-06,MIL,SF/PF,33,24.26515152,15.06060606,1.545454545,4.242424242,4.939393939,0.696969697,0.151515152,0.435960591,12.3030303,0.901960784,3.090909091,2.151515152
Norman Powell,-0.376912935,-0.30557992,-0.071333015,LAC,SG/SF,60,26.11805556,16.98333333,1.9,2.916666667,1.816666667,0.833333333,0.3,0.478873239,11.83333333,0.812274368,4.616666667,1.683333333
Chris Boucher,-0.552230253,-0.307223999,-0.245006255,TOR,PF/C,76,20.04495614,9.368421053,0.815789474,5.539473684,0.381578947,0.618421053,0.842105263,0.493383743,6.960526316,0.761904762,2.210526316,0.539473684
Drew Eubanks,-0.504466531,-0.307836399,-0.196630132,POR,PF/C,78,20.30405983,6.641025641,0.08974359,5.358974359,1.320512821,0.512820513,1.307692308,0.640718563,4.282051282,0.664,1.602564103,0.858974359
Quentin Grimes,-0.490815901,-0.310915703,-0.179900198,NYK,SG/SF,71,29.87183099,11.25352113,2.211267606,3.225352113,2.112676056,0.661971831,0.366197183,0.468438538,8.478873239,0.795918367,1.38028169,0.971830986
Brandon Clarke,-0.491410562,-0.312834342,-0.17857622,MEM,SF/PF,56,19.46547619,9.964285714,0.017857143,5.535714286,1.285714286,0.607142857,0.660714286,0.656160458,6.232142857,0.722627737,2.446428571,0.982142857
Gordon Hayward,-0.3481276,-0.319983948,-0.028143652,CHA,SF/PF,50,31.53766667,14.66,1.04,4.3,4.12,0.84,0.24,0.475043029,11.62,0.811320755,3.18,1.98
Jalen McDaniels,-0.480050555,-0.327048899,-0.153001656,PHI,SF/PF,80,23.90916667,9.4375,0.9625,4.325,1.625,1.0375,0.425,0.455429498,7.7125,0.84057971,1.725,1.1625
Torrey Craig,-0.52239192,-0.332542431,-0.189849489,PHO,SF/PF,79,24.65527426,7.443037975,1.265822785,5.392405063,1.481012658,0.632911392,0.784810127,0.456,6.329113924,0.711111111,0.569620253,0.924050633
T.J. McConnell,-0.378600698,-0.337185732,-0.041414966,IND,PG,75,20.34977778,8.666666667,0.346666667,3.12,5.293333333,1.08,0.133333333,0.54318618,6.946666667,0.852941176,0.906666667,1.906666667
Dennis Smith Jr.,-0.439589923,-0.33907558,-0.100514343,CHA,PG,54,25.7367284,8.777777778,0.444444444,3.092592593,4.833333333,1.388888889,0.462962963,0.411504425,8.37037037,0.735849057,1.962962963,1.518518519
Caris LeVert,-0.437128593,-0.343499597,-0.093628996,CLE,SG/SF,74,30.23243243,12.12162162,1.716216216,3.810810811,3.878378378,0.972972973,0.324324324,0.431266846,10.02702703,0.722222222,2.432432432,1.567567568
Naz Reid,-0.4709168,-0.344601686,-0.126315115,MIN,C,68,18.39607843,11.48529412,1.102941176,4.897058824,1.132352941,0.617647059,0.779411765,0.537261698,8.485294118,0.677165354,1.867647059,1.352941176
Josh Richardson,-0.478691928,-0.347487176,-0.131204752,NOR,SG/SF,65,23.53179487,10.06153846,1.646153846,2.692307692,2.676923077,1.061538462,0.307692308,0.431407942,8.523076923,0.851851852,1.246153846,1.323076923
Keldon Johnson,-0.358708172,-0.349202523,-0.009505649,SAS,SF/PF,63,32.7521164,21.98412698,2.126984127,5.047619048,2.904761905,0.73015873,0.174603175,0.451931716,17.66666667,0.749235474,5.19047619,2.126984127
Tim Hardaway Jr.,-0.557000434,-0.352658935,-0.204341499,DAL,SG/SF,71,30.31361502,14.35211268,2.985915493,3.535211268,1.816901408,0.690140845,0.169014085,0.401416765,11.92957746,0.76969697,2.323943662,0.845070423
Patrick Beverley,-0.552200151,-0.355192998,-0.197007153,CHI,PG/SG,67,27.11119403,6.194029851,1.194029851,3.686567164,2.895522388,0.940298507,0.611940299,0.4,5.373134328,0.723076923,0.970149254,0.895522388
Marvin Bagley III,-0.522496287,-0.35571146,-0.166784827,DET,PF/C,42,23.58174603,12,0.452380952,6.404761905,0.857142857,0.452380952,0.714285714,0.528795812,9.095238095,0.75,2.571428571,1.095238095
Kenrich Williams,-0.602396662,-0.360484059,-0.241912603,OKC,SF/PF,53,22.75188679,8.018867925,0.943396226,4.924528302,1.981132075,0.849056604,0.264150943,0.51734104,6.528301887,0.435897436,0.735849057,0.603773585
Killian Hayes,-0.349478082,-0.361128071,0.011649988,DET,PG/SG,76,28.33618421,10.34210526,1.052631579,2.907894737,6.184210526,1.368421053,0.368421053,0.376687117,10.72368421,0.821428571,1.473684211,2.276315789
Gary Harris,-0.606701722,-0.361555411,-0.245146311,ORL,SG/SF,48,24.67430556,8.270833333,1.958333333,2.041666667,1.229166667,0.9375,0.25,0.449511401,6.395833333,0.9,0.625,0.583333333
Steven Adams,-0.410514151,-0.362086932,-0.048427219,MEM,C,42,26.98293651,8.595238095,0,11.54761905,2.30952381,0.857142857,1.095238095,0.596958175,6.261904762,0.364341085,3.071428571,1.880952381
Dorian Finney-Smith,-0.556659944,-0.365071192,-0.191588753,BKN,SF/PF,66,30.43585859,8.348484848,1.727272727,4.787878788,1.515151515,0.833333333,0.545454545,0.391217565,7.590909091,0.762711864,0.893939394,0.939393939
John Konchar,-0.625313055,-0.36873763,-0.256575424,MEM,SG/SF,72,20.7462963,5.055555556,0.833333333,4.305555556,1.388888889,1.069444444,0.347222222,0.43125,4.444444444,0.777777778,0.5,0.513888889
Isaiah Stewart,-0.497005927,-0.368743557,-0.12826237,DET,PF/C,50,28.28,11.34,1.34,8.06,1.4,0.4,0.68,0.442176871,8.82,0.738255034,2.98,1.36
Luguentz Dort,-0.515493716,-0.369438209,-0.146055507,OKC,SG/SF,74,30.70743243,13.68918919,1.824324324,4.648648649,2.081081081,1.013513514,0.310810811,0.388316151,11.7972973,0.772200772,3.5,1.243243243
Malik Monk,-0.417543785,-0.370377937,-0.047165849,SAC,SG,77,22.32900433,13.51948052,1.857142857,2.636363636,3.87012987,0.636363636,0.25974026,0.448492462,10.33766234,0.888888889,2.688311688,1.896103896
Bol Bol,-0.462848523,-0.370733684,-0.092114839,ORL,PF/C,70,21.5052381,9.057142857,0.428571429,5.785714286,0.985714286,0.428571429,1.214285714,0.546025105,6.828571429,0.759259259,1.542857143,1.6
Aleksej Pokusevski,-0.51700535,-0.373675071,-0.143330279,OKC,SF/PF/C,34,20.62794118,8.117647059,1.117647059,4.676470588,1.882352941,0.588235294,1.264705882,0.43373494,7.323529412,0.628571429,1.029411765,1.264705882
Jae Crowder,-0.651498154,-0.375163137,-0.276335017,MIL,SF/PF,18,18.8712963,6.888888889,1.333333333,3.833333333,1.5,0.666666667,0.333333333,0.478723404,5.222222222,0.833333333,0.666666667,0.388888889
Santi Aldama,-0.596796514,-0.379156625,-0.21763989,MEM,PF/C,77,21.84155844,9.038961039,1.220779221,4.818181818,1.25974026,0.584415584,0.623376623,0.47047619,6.818181818,0.75,1.87012987,0.779220779
Xavier Tillman,-0.605809791,-0.379362189,-0.226447602,MEM,PF/C,61,19.34508197,7.032786885,0.06557377,5.032786885,1.573770492,0.950819672,0.475409836,0.614379085,5.016393443,0.550561798,1.459016393,0.721311475
Kenyon Martin Jr.,-0.552373569,-0.384226086,-0.168147483,HOU,SF/PF,82,27.95182927,12.67073171,0.829268293,5.512195122,1.5,0.5,0.365853659,0.569444444,8.780487805,0.68018018,2.707317073,1.109756098
Alec Burks,-0.548679825,-0.384649627,-0.164030198,DET,PG/SG/SF,51,22.00816993,12.78431373,1.941176471,3.098039216,2.235294118,0.745098039,0.156862745,0.435729847,9,0.813829787,3.68627451,1.137254902
Jordan Clarkson,-0.263888182,-0.389231148,0.125342966,UTA,PG/SG,61,32.59562842,20.83606557,2.540983607,4.032786885,4.426229508,0.540983607,0.213114754,0.444228904,16.90163934,0.816326531,4.016393443,3.049180328
Isaiah Hartenstein,-0.604311671,-0.389295392,-0.215016279,NYK,C,82,19.82825203,4.951219512,0.097560976,6.536585366,1.243902439,0.646341463,0.780487805,0.535168196,3.987804878,0.676056338,0.865853659,0.804878049
Aaron Nesmith,-0.571412876,-0.390047853,-0.181365023,IND,SG/SF,73,24.88127854,10.10958904,1.575342466,3.794520548,1.342465753,0.753424658,0.465753425,0.427118644,8.082191781,0.838028169,1.945205479,1.02739726
Deni Avdija,-0.487764441,-0.395364345,-0.092400096,WAS,SF/PF,76,26.58311404,9.171052632,0.907894737,6.407894737,2.776315789,0.855263158,0.381578947,0.436960276,7.618421053,0.739393939,2.171052632,1.618421053
Nicolas Batum,-0.643443825,-0.401992045,-0.241451781,LAC,SF/PF,78,21.91538462,6.128205128,1.58974359,3.833333333,1.551282051,0.692307692,0.564102564,0.419947507,4.884615385,0.708333333,0.615384615,0.641025641
Victor Oladipo,-0.426923055,-0.402349025,-0.024574031,MIA,SG/SF,42,26.32301587,10.69047619,1.666666667,3.047619048,3.476190476,1.357142857,0.285714286,0.397022333,9.595238095,0.746835443,1.880952381,2.071428571
Jalen Suggs,-0.472817731,-0.402994638,-0.069823093,ORL,PG/SG,53,23.50660377,9.886792453,1.245283019,3.037735849,2.924528302,1.264150943,0.509433962,0.418918919,8.377358491,0.722689076,2.245283019,1.773584906
Luke Kennard,-0.625033306,-0.40431534,-0.220717966,MEM,SG/SF,59,22.29096045,9.254237288,2.254237288,2.677966102,1.542372881,0.542372881,0.084745763,0.492146597,6.474576271,0.948717949,0.661016949,0.779661017
Thomas Bryant,-0.649256175,-0.407568663,-0.241687511,DEN,C,59,18.3299435,9.813559322,0.440677966,5.745762712,0.525423729,0.271186441,0.508474576,0.623306233,6.254237288,0.738095238,2.13559322,0.644067797
Robert Covington,-0.645874546,-0.407609124,-0.238265422,LAC,SF/PF,48,16.21979167,6,1.125,3.458333333,1.1875,0.791666667,0.6875,0.445414847,4.770833333,0.75,0.833333333,0.666666667
De'Andre Hunter,-0.562364583,-0.408491096,-0.153873487,ATL,SF/PF,67,31.72661692,15.35820896,1.492537313,4.23880597,1.402985075,0.52238806,0.253731343,0.46107056,12.26865672,0.826086957,3.089552239,1.223880597
Malik Beasley,-0.583303893,-0.411902365,-0.171401528,LAL,SG/SF,81,25.83888889,12.65432099,2.901234568,3.49382716,1.530864198,0.802469136,0.111111111,0.394877268,11.56790123,0.769230769,0.802469136,1.111111111
Moritz Wagner,-0.57145918,-0.412410079,-0.159049102,ORL,PF/C,57,19.46403509,10.52631579,0.894736842,4.543859649,1.473684211,0.649122807,0.228070175,0.5,6.947368421,0.840659341,3.192982456,1.192982456
Nick Richards,-0.616394864,-0.413895483,-0.202499381,CHA,C,65,18.7225641,8.184615385,0.015384615,6.4,0.584615385,0.169230769,1.092307692,0.629392971,4.815384615,0.74863388,2.815384615,0.907692308
Isaiah Jackson,-0.632420678,-0.41490743,-0.217513248,IND,PF/C,63,16.54470899,7.222222222,0.031746032,4.476190476,0.80952381,0.492063492,1.476190476,0.562893082,5.047619048,0.650684932,2.317460317,0.80952381
Corey Kispert,-0.645626242,-0.417711016,-0.227915226,WAS,SG/SF,74,28.28693694,11.08108108,2.202702703,2.797297297,1.175675676,0.432432432,0.121621622,0.497435897,7.905405405,0.852272727,1.189189189,0.743243243
Jalen Green,-0.360012483,-0.418381846,0.058369363,HOU,SG,76,34.24035088,22.14473684,2.460526316,3.736842105,3.697368421,0.776315789,0.236842105,0.416482708,17.88157895,0.786177106,6.092105263,2.631578947
Marcus Morris,-0.631208725,-0.42084177,-0.210366954,LAC,PF/C,65,28.08,11.2,1.723076923,3.969230769,1.753846154,0.646153846,0.323076923,0.426127527,9.892307692,0.781609195,1.338461538,0.861538462
Jevon Carter,-0.61725071,-0.42210678,-0.19514393,MIL,PG/SG,81,22.35,8.037037037,1.75308642,2.49382716,2.432098765,0.814814815,0.358024691,0.42300885,6.975308642,0.815789474,0.469135802,0.962962963
Russell Westbrook,-0.235112719,-0.42350065,0.188387932,LAC,PG,73,29.12123288,15.87671233,1.219178082,5.794520548,7.547945205,1.04109589,0.452054795,0.43592331,13.57534247,0.656050955,4.301369863,3.493150685
Max Strus,-0.632246306,-0.423578695,-0.208667611,MIA,SG/SF,80,28.39875,11.5375,2.4625,3.225,2.1375,0.525,0.15,0.410126582,9.875,0.876404494,1.1125,0.875
Coby White,-0.614959523,-0.425062803,-0.18989672,CHI,PG/SG,74,23.3768018,9.662162162,1.72972973,2.864864865,2.756756757,0.72972973,0.081081081,0.442760943,8.027027027,0.871428571,0.945945946,1
Keita Bates-Diop,-0.64472251,-0.429387268,-0.215335242,SAS,PF,67,21.67835821,9.656716418,0.835820896,3.701492537,1.537313433,0.686567164,0.298507463,0.507526882,6.940298507,0.793333333,2.23880597,0.835820896
Jordan Goodwin,-0.63622725,-0.433096393,-0.203130857,WAS,PG,62,17.84623656,6.564516129,0.612903226,3.306451613,2.709677419,0.935483871,0.419354839,0.447592068,5.693548387,0.768115942,1.112903226,0.919354839
Gary Payton II,-0.665542359,-0.433261388,-0.232280971,GSW,PG/SG,22,16.70984848,4.590909091,0.590909091,3.136363636,1.363636364,1,0.227272727,0.594202899,3.136363636,0.857142857,0.318181818,0.727272727
Paolo Banchero,-0.357509393,-0.43586464,0.078355247,ORL,SF/PF,72,33.74652778,19.95833333,1.180555556,6.902777778,3.736111111,0.833333333,0.541666667,0.426916221,15.58333333,0.737827715,7.416666667,2.777777778
Troy Brown Jr,-0.681219292,-0.436070511,-0.245148781,LAL,SF/PF,76,24.46885965,7.118421053,1.407894737,4.052631579,1.25,0.776315789,0.210526316,0.430107527,6.118421053,0.871794872,0.513157895,0.644736842
Isaiah Joe,-0.698979384,-0.436963051,-0.262016334,OKC,PG/SG,73,19.11210046,9.465753425,2.205479452,2.397260274,1.205479452,0.657534247,0.109589041,0.440944882,6.95890411,0.82,1.369863014,0.534246575
Andrew Nembhard,-0.527185737,-0.438706407,-0.08847933,IND,PG/SG,75,27.64622222,9.453333333,1.226666667,2.653333333,4.546666667,0.933333333,0.173333333,0.440993789,8.586666667,0.790322581,0.826666667,1.68
Jonathan Isaac,-0.72784541,-0.439623297,-0.288222114,ORL,SF/PF,11,11.27424242,5,0.545454545,4,0.545454545,1.272727273,0.363636364,0.41509434,4.818181818,0.555555556,0.818181818,0.363636364
Jalen Smith,-0.629233342,-0.445680118,-0.183553224,IND,PF/C,68,18.80588235,9.441176471,0.794117647,5.794117647,0.970588235,0.308823529,0.882352941,0.476377953,7.470588235,0.759124088,2.014705882,1.058823529
Dennis Schroder,-0.535475324,-0.448362463,-0.087112862,LAL,PG,66,30.08989899,12.57575758,1.121212121,2.5,4.515151515,0.757575758,0.151515152,0.415384615,9.848484848,0.857142857,3.818181818,1.696969697
Justise Winslow,-0.568144298,-0.448525662,-0.119618636,POR,SF/PF,29,26.75114943,6.75862069,0.482758621,5,3.379310345,1.034482759,0.379310345,0.409090909,6.827586207,0.714285714,0.965517241,1.482758621
Jose Alvarado,-0.592483088,-0.449280831,-0.143202257,NOR,PG,61,21.47377049,9.016393443,1.360655738,2.31147541,3.049180328,1.098360656,0.163934426,0.411042945,8.016393443,0.8125,1.31147541,1.327868852
Reggie Bullock,-0.723925526,-0.449336265,-0.274589261,DAL,SF/PF,78,30.31303419,7.192307692,1.935897436,3.628205128,1.384615385,0.692307692,0.166666667,0.408510638,6.025641026,0.702702703,0.474358974,0.461538462
Matisse Thybulle,-0.748029791,-0.454112955,-0.293916835,POR,SG/SF,71,16.90516432,4.126760563,0.76056338,1.971830986,0.746478873,1.169014085,0.450704225,0.434782609,3.563380282,0.678571429,0.394366197,0.338028169
Cam Reddish,-0.622548526,-0.455398776,-0.16714975,POR,SF/PF,40,24.74041667,9.675,1.125,2.2,1.425,0.975,0.35,0.445512821,7.8,0.853333333,1.875,1.175
Eric Gordon,-0.576817482,-0.459536135,-0.117281347,LAC,SG/SF,69,28.48405797,12.4057971,1.913043478,1.942028986,2.652173913,0.623188406,0.362318841,0.445635528,9.463768116,0.820809249,2.507246377,1.507246377
Dillon Brooks,-0.590686848,-0.460731394,-0.129955454,MEM,SG/SF,73,30.33287671,14.34246575,1.95890411,3.342465753,2.589041096,0.890410959,0.219178082,0.39556004,13.57534247,0.779220779,2.109589041,1.424657534
Joe Ingles,-0.625582308,-0.460879407,-0.164702902,MIL,SF/PF,46,22.68623188,6.891304348,1.804347826,2.782608696,3.260869565,0.717391304,0.130434783,0.435483871,5.391304348,0.857142857,0.456521739,1.195652174
Charles Bassey,-0.630088352,-0.461619411,-0.168468941,SAS,PF/C,35,14.51047619,5.685714286,0.085714286,5.514285714,1.371428571,0.457142857,0.942857143,0.644444444,3.857142857,0.594594595,1.057142857,1.171428571
Grant Williams,-0.654958874,-0.465736811,-0.189222063,BOS,SF/PF,79,25.88164557,8.113924051,1.455696203,4.594936709,1.658227848,0.518987342,0.392405063,0.453781513,6.025316456,0.770491803,1.544303797,1.037974684
Bones Hyland,-0.597545168,-0.4721696,-0.125375567,LAC,PG/SG,56,19.38452381,11.76785714,2.089285714,2.410714286,3.071428571,0.696428571,0.267857143,0.399299475,10.19642857,0.843137255,1.821428571,1.464285714
Ayo Dosunmu,-0.641240585,-0.480439008,-0.160801577,CHI,PG/SG,80,26.21916667,8.5875,0.7375,2.75,2.575,0.775,0.325,0.492982456,7.125,0.804878049,1.025,1.2375
Terance Mann,-0.681974742,-0.482967675,-0.199007067,LAC,SG/SF,81,23.1100823,8.802469136,0.950617284,3.407407407,2.271604938,0.518518519,0.271604938,0.519083969,6.469135802,0.779661017,1.456790123,0.987654321
Pat Connaughton,-0.763602432,-0.495313919,-0.268288513,MIL,SG/SF,61,23.65027322,7.639344262,1.786885246,4.639344262,1.262295082,0.606557377,0.180327869,0.39192399,6.901639344,0.658536585,0.672131148,0.540983607
Precious Achiuwa,-0.686923144,-0.498834182,-0.188088962,TOR,PF/C,55,20.73606061,9.236363636,0.527272727,5.963636364,0.909090909,0.563636364,0.545454545,0.485148515,7.345454545,0.701612903,2.254545455,1.072727273
Julian Champagnie,-0.753780829,-0.500882661,-0.252898168,SAS,SG,17,18.83137255,9.705882353,1.941176471,3.529411765,0.588235294,0.352941176,0.294117647,0.453846154,7.647058824,0.823529412,1,0.647058824
Mo Bamba,-0.759438462,-0.501218713,-0.258219749,LAL,C,49,15.68231293,6.591836735,0.979591837,4.591836735,0.93877551,0.265306122,0.87755102,0.485477178,4.918367347,0.661290323,1.265306122,0.612244898
Lonnie Walker,-0.728982572,-0.502345,-0.226637573,LAL,SG/SF,56,23.16071429,11.67857143,1.625,1.946428571,1.142857143,0.535714286,0.303571429,0.447817837,9.410714286,0.858490566,1.892857143,0.821428571
Collin Sexton,-0.591863932,-0.508442569,-0.083421363,UTA,PG/SG,48,23.85625,14.27083333,1,2.1875,2.875,0.5625,0.125,0.506410256,9.75,0.819095477,4.145833333,1.770833333
Isaac Okoro,-0.783789869,-0.514828467,-0.268961402,CLE,SG/SF,76,21.74144737,6.447368421,0.815789474,2.460526316,1.144736842,0.736842105,0.394736842,0.494350282,4.657894737,0.757281553,1.355263158,0.552631579
Kevin Love,-0.698655354,-0.516852787,-0.181802567,MIA,PF/C,62,19.99139785,8.209677419,1.596774194,6.435483871,1.870967742,0.258064516,0.193548387,0.389150943,6.838709677,0.879120879,1.467741935,1.129032258
Jeremy Sochan,-0.608439126,-0.517960556,-0.09047857,SAS,PF,56,26.02857143,10.96428571,0.589285714,5.267857143,2.535714286,0.767857143,0.410714286,0.452898551,9.857142857,0.698275862,2.071428571,1.732142857
Paul Reed,-0.77490907,-0.52035284,-0.254556231,PHI,PF/C,69,10.94299517,4.15942029,0.014492754,3.797101449,0.391304348,0.666666667,0.739130435,0.593301435,3.028985507,0.745098039,0.739130435,0.652173913
Gabe Vincent,-0.668886785,-0.520575005,-0.14831178,MIA,PG/SG,68,25.86176471,9.426470588,1.720588235,2.132352941,2.455882353,0.911764706,0.073529412,0.402116402,8.338235294,0.871794872,1.147058824,1.352941176
Jeremiah Robinson-Earl,-0.808279072,-0.521664579,-0.286614492,OKC,PF/C,43,18.92364341,6.790697674,0.860465116,4.186046512,1,0.558139535,0.255813953,0.443548387,5.76744186,0.833333333,0.976744186,0.441860465
Bennedict Mathurin,-0.58111029,-0.522862818,-0.058247473,IND,SG/SF,78,28.49188034,16.69230769,1.282051282,4.076923077,1.487179487,0.615384615,0.166666667,0.434279706,12.19230769,0.828193833,5.820512821,1.948717949
Josh Green,-0.698934873,-0.526667779,-0.172267095,DAL,SG/SF,60,25.65388889,9.1,1.133333333,3.033333333,1.716666667,0.7,0.083333333,0.536649215,6.366666667,0.723404255,1.566666667,1.2
Isaiah Livers,-0.799198111,-0.531799203,-0.267398908,DET,SG/SF,52,23.05096154,6.653846154,1.423076923,2.75,0.788461538,0.538461538,0.538461538,0.416666667,5.538461538,0.820512821,0.75,0.576923077
Maxi Kleber,-0.776405528,-0.532137634,-0.244267894,DAL,PF/C,37,25.12837838,5.945945946,1.054054054,3.648648649,1.405405405,0.324324324,0.810810811,0.455621302,4.567567568,0.710526316,1.027027027,0.72972973
A.J. Griffin,-0.801404176,-0.534624259,-0.266779917,ATL,SG/SF,72,19.46203704,8.875,1.402777778,2.125,1.013888889,0.583333333,0.166666667,0.465290807,7.402777778,0.893617021,0.652777778,0.583333333
Seth Curry,-0.765206631,-0.536517247,-0.228689384,BKN,PG/SG,61,19.84808743,9.196721311,1.540983607,1.639344262,1.62295082,0.590163934,0.114754098,0.46325167,7.360655738,0.927272727,0.901639344,0.836065574
Javonte Green,-0.798338573,-0.537515991,-0.260822582,CHI,SG/SF,32,15.00729167,5.15625,0.40625,2.75,0.71875,0.75,0.65625,0.564814815,3.375,0.666666667,1.40625,0.625
Theo Maledon,-0.69110885,-0.538706014,-0.152402837,CHA,PG/SG,44,19.40037879,6.704545455,0.636363636,2.795454545,3.454545455,0.840909091,0.272727273,0.401574803,5.772727273,0.851351351,1.681818182,1.340909091
Dean Wade,-0.840628493,-0.542938587,-0.297689906,CLE,SF/PF,44,20.25984848,4.681818182,1.022727273,3.409090909,0.840909091,0.636363636,0.477272727,0.412429379,4.022727273,0.652173913,0.522727273,0.386363636
Jaylin Williams,-0.791163118,-0.548675706,-0.242487411,OKC,PF/C,49,18.65782313,5.87755102,0.93877551,4.918367347,1.551020408,0.571428571,0.244897959,0.435897436,4.775510204,0.703703704,1.102040816,0.755102041
Rui Hachimura,-0.78226515,-0.552381916,-0.229883234,LAL,SF/PF,63,23.27116402,11.22222222,0.80952381,4.492063492,0.920634921,0.301587302,0.412698413,0.48630137,9.26984127,0.739495798,1.888888889,0.841269841
Joe Harris,-0.826616736,-0.553088545,-0.273528192,BKN,SG/SF,74,20.63581081,7.594594595,1.918918919,2.216216216,1.364864865,0.459459459,0.175675676,0.456818182,5.945945946,0.642857143,0.378378378,0.554054054
Ty Jerome,-0.81240584,-0.555636941,-0.256768899,GSW,PG/SG,45,18.12296296,6.866666667,0.777777778,1.733333333,3,0.511111111,0.111111111,0.487603306,5.377777778,0.926829268,0.911111111,0.666666667
Jonathan Kuminga,-0.698741758,-0.555870688,-0.14287107,GSW,PF/C,67,20.80870647,9.940298507,0.805970149,3.447761194,1.865671642,0.611940299,0.462686567,0.525150905,7.417910448,0.652173913,2.059701493,1.417910448
Dwight Powell,-0.785424652,-0.557076677,-0.228347975,DAL,C,76,19.18267544,6.657894737,0,4.131578947,0.907894737,0.631578947,0.342105263,0.732342007,3.539473684,0.666666667,2.210526316,0.855263158
Trey Lyles,-0.784315762,-0.557385317,-0.226930445,SAC,PF/C,74,16.8536036,7.594594595,1.175675676,4.054054054,0.891891892,0.364864865,0.418918919,0.458333333,5.513513514,0.814516129,1.675675676,0.864864865
Naji Marshall,-0.729563313,-0.56194611,-0.167617202,NOR,SG/SF,77,23.27164502,9.064935065,0.857142857,3.623376623,2.454545455,0.701298701,0.181818182,0.432574431,7.415584416,0.788571429,2.272727273,1.25974026
Thaddeus Young,-0.80450293,-0.563590032,-0.240912898,TOR,PF/C,54,14.72962963,4.444444444,0.111111111,3.074074074,1.388888889,1,0.092592593,0.545454545,3.666666667,0.692307692,0.481481481,0.777777778
Anthony Lamb,-0.793386606,-0.566270964,-0.227115642,GSW,SF/PF,62,19.2733871,6.693548387,1.177419355,3.467741935,1.548387097,0.451612903,0.322580645,0.47133758,5.064516129,0.766666667,0.967741935,0.870967742
Cam Payne,-0.669975844,-0.566641955,-0.103333889,PHO,PG/SG,48,20.17430556,10.27083333,1.416666667,2.208333333,4.458333333,0.6875,0.166666667,0.415011038,9.4375,0.765625,1.333333333,1.6875
Landry Shamet,-0.789433997,-0.566671114,-0.222762883,WAS,SG,40,20.17166667,8.65,1.875,1.675,2.325,0.65,0.125,0.376666667,7.5,0.882352941,1.275,0.9
Sam Hauser,-0.873341941,-0.570485377,-0.302856564,BOS,SF/PF,80,16.125,6.4,1.75,2.55,0.8875,0.3625,0.2625,0.454545455,4.95,0.705882353,0.2125,0.375
Josh Okogie,-0.802943396,-0.575309442,-0.227633954,PHO,SG/SF,72,18.75671296,7.347222222,0.916666667,3.486111111,1.458333333,0.777777778,0.472222222,0.391304348,5.75,0.723958333,2.666666667,0.875
Chuma Okeke,-0.840585116,-0.575692553,-0.264892563,ORL,PF,27,19.18518519,4.740740741,0.962962963,3.555555556,1.37037037,0.703703704,0.407407407,0.352459016,4.518518519,0.761904762,0.777777778,0.62962963
Taurean Prince,-0.744773063,-0.577897366,-0.166875697,MIN,SF/PF,54,22.08179012,9.12962963,1.37037037,2.444444444,1.555555556,0.518518519,0.277777778,0.46701847,7.018518519,0.844155844,1.425925926,1.277777778
Georges Niang,-0.833845716,-0.578151046,-0.255694669,PHI,SF/PF,78,19.38226496,8.166666667,1.974358974,2.371794872,0.987179487,0.384615385,0.179487179,0.442231076,6.435897436,0.866666667,0.576923077,0.692307692
Terrence Ross,-0.835380371,-0.578198446,-0.257181925,PHO,SG/SF,63,21.11851852,8.285714286,1.507936508,2.444444444,1.507936508,0.555555556,0.158730159,0.430107527,7.380952381,0.794117647,0.53968254,0.682539683
Jaden Ivey,-0.458369407,-0.582798332,0.124428926,DET,PG/SG,74,31.13963964,16.27027027,1.621621622,3.891891892,5.22972973,0.824324324,0.22972973,0.416073245,13.28378378,0.747191011,4.810810811,3.202702703
Aaron Wiggins,-0.824966188,-0.582849444,-0.242116744,OKC,SG/SF,70,18.53333333,6.842857143,0.685714286,3,1.142857143,0.557142857,0.214285714,0.512396694,5.185714286,0.830985915,1.014285714,0.785714286
Jalen Johnson,-0.855418895,-0.582958298,-0.272460598,ATL,PF/C,70,14.87880952,5.642857143,0.428571429,4.028571429,1.185714286,0.542857143,0.485714286,0.49068323,4.6,0.628205128,1.114285714,0.585714286
James Wiseman,-0.772384492,-0.582969589,-0.189414904,DET,C,45,19.27185185,10,0.088888889,5.933333333,0.666666667,0.155555556,0.6,0.557522124,7.533333333,0.701030928,2.155555556,1.133333333
JaMychal Green,-0.807305585,-0.584212422,-0.223093162,GSW,PF/C,57,13.97719298,6.421052632,0.736842105,3.596491228,0.894736842,0.438596491,0.403508772,0.53968254,4.421052632,0.776119403,1.175438596,0.912280702
Jericho Sims,-0.868257424,-0.585408272,-0.282849152,NYK,C,52,15.62275641,3.423076923,0,4.653846154,0.480769231,0.288461538,0.538461538,0.775700935,2.057692308,0.75,0.307692308,0.519230769
T.J. Warren,-0.87549548,-0.586040221,-0.289455259,PHO,SF/PF,42,16.35079365,7.476190476,0.523809524,2.880952381,0.952380952,0.523809524,0.285714286,0.488888889,6.428571429,0.8,0.833333333,0.476190476
Jaylen Nowell,-0.797194889,-0.587049795,-0.210145094,MIN,PG/SG,65,19.25717949,10.83076923,1.030769231,2.615384615,2.030769231,0.646153846,0.076923077,0.448,9.615384615,0.777777778,1.523076923,1
Trendon Watford,-0.781490058,-0.592657847,-0.188832212,POR,PF/C,62,19.05833333,7.403225806,0.403225806,3.838709677,2.096774194,0.516129032,0.193548387,0.560371517,5.209677419,0.72,1.612903226,1.14516129
Reggie Jackson,-0.699452494,-0.593339013,-0.10611348,DEN,PG/SG,68,24.36617647,10.19117647,1.411764706,2.117647059,3.426470588,0.691176471,0.088235294,0.4109375,9.411764706,0.91025641,1.147058824,1.691176471
Devonte' Graham,-0.849315574,-0.596447485,-0.252868089,SAS,PG/SG,73,18.33378995,7.383561644,1.630136986,1.671232877,2.684931507,0.616438356,0.219178082,0.373549884,5.904109589,0.748091603,1.794520548,0.726027397
Shaedon Sharpe,-0.804161254,-0.598297161,-0.205864094,POR,SG/SF/PF,80,22.23208333,9.8625,1.275,2.95,1.175,0.475,0.3,0.472222222,8.1,0.714285714,1.3125,1.0375
Cory Joseph,-0.825595462,-0.599249481,-0.226345981,DET,PG/SG,62,19.79569892,6.887096774,1.129032258,1.709677419,3.5,0.548387097,0.14516129,0.427350427,5.661290323,0.791666667,1.161290323,0.903225806
Andre Drummond,-0.797707814,-0.603601381,-0.194106432,CHI,C,67,12.67686567,5.955223881,0,6.626865672,0.492537313,0.671641791,0.402985075,0.605839416,4.089552239,0.536,1.865671642,1.119402985
Bismack Biyombo,-0.841960786,-0.604743162,-0.237217623,PHO,C,61,14.3284153,4.31147541,0,4.262295082,0.918032787,0.295081967,1.442622951,0.577669903,3.37704918,0.357142857,1.147540984,0.836065574
R.J. Barrett,-0.628564572,-0.605195906,-0.023368667,NYK,SG/SF,73,33.91073059,19.60273973,1.657534247,5.04109589,2.753424658,0.424657534,0.205479452,0.433673469,16.10958904,0.739795918,5.369863014,2.246575342
Jae'Sean Tate,-0.739707258,-0.605524439,-0.134182819,HOU,SF/PF,31,21.85376344,9.129032258,0.419354839,3.806451613,2.709677419,0.677419355,0.225806452,0.480349345,7.387096774,0.724637681,2.225806452,1.516129032
Damion Lee,-0.809876666,-0.605609031,-0.204267635,PHO,SG/SF,74,20.3527027,8.162162162,1.486486486,3.040540541,1.337837838,0.405405405,0.094594595,0.442477876,6.108108108,0.903846154,1.405405405,1.054054054
Talen Horton-Tucker,-0.678652525,-0.608184451,-0.070468074,UTA,SG/SF,65,20.20333333,10.73846154,0.892307692,3.230769231,3.784615385,0.630769231,0.446153846,0.419249592,9.430769231,0.75,2.584615385,1.938461538
Mike Muscala,-0.923018612,-0.613305105,-0.309713507,BOS,C,63,14.9989418,6.079365079,1.285714286,3.222222222,0.793650794,0.238095238,0.380952381,0.448630137,4.634920635,0.769230769,0.825396825,0.365079365
Jordan Nwora,-0.817908751,-0.614158961,-0.203749789,IND,SF/PF,62,19.16182796,8.741935484,1.387096774,3.693548387,1.419354839,0.387096774,0.225806452,0.435955056,7.177419355,0.790697674,1.387096774,1.064516129
Terence Davis,-0.859108774,-0.618915421,-0.240193353,SAC,SG/SF,64,13.13958333,6.734375,1.390625,2.171875,1.046875,0.671875,0.1875,0.423076923,5.6875,0.790697674,0.671875,0.828125
Jamal Cain,-0.934370187,-0.619115994,-0.315254193,MIA,SF,18,13.33518519,5.444444444,0.388888889,2.888888889,0.666666667,0.611111111,0.055555556,0.560606061,3.666666667,0.772727273,1.222222222,0.333333333
Ish Wainright,-0.932532988,-0.621976298,-0.31055669,PHO,PF,60,15.25083333,4.183333333,0.95,2.316666667,0.883333333,0.633333333,0.366666667,0.370044053,3.783333333,0.838709677,0.516666667,0.366666667
Yuta Watanabe,-0.932139371,-0.623330799,-0.308808573,BKN,SF/PF,58,15.99683908,5.551724138,1.034482759,2.431034483,0.827586207,0.431034483,0.293103448,0.49137931,4,0.723404255,0.810344828,0.379310345
Willy Hernangomez,-0.830154176,-0.623633484,-0.206520691,NOR,C,37,12.36936937,7.081081081,0.081081081,4.864864865,0.891891892,0.459459459,0.351351351,0.526627219,4.567567568,0.778846154,2.810810811,1.054054054
Hamidou Diallo,-0.801345279,-0.626846468,-0.174498811,DET,SG/SF,56,17.78333333,9.321428571,0.089285714,3.464285714,0.982142857,0.946428571,0.285714286,0.573333333,6.696428571,0.587837838,2.642857143,1.267857143
Jordan McLaughlin,-0.881473114,-0.63061468,-0.250858434,MIN,PG,43,15.77868217,3.744186047,0.558139535,1.441860465,3.441860465,0.744186047,0.093023256,0.420689655,3.372093023,0.833333333,0.418604651,0.76744186
Cedi Osman,-0.89571934,-0.630860494,-0.264858846,CLE,SG/SF,77,20.10865801,8.688311688,1.506493506,2.285714286,1.493506494,0.454545455,0.142857143,0.450943396,6.883116883,0.694444444,1.402597403,0.675324675
Shake Milton,-0.811651128,-0.631826361,-0.179824767,PHI,PG/SG,76,20.62214912,8.381578947,0.736842105,2.513157895,3.157894737,0.328947368,0.171052632,0.479125249,6.618421053,0.853448276,1.526315789,1.236842105
Malaki Branham,-0.825471603,-0.632609061,-0.192862542,SAS,SG/SF,66,23.47828283,10.1969697,1.166666667,2.742424242,1.924242424,0.5,0.106060606,0.440261866,9.257575758,0.828571429,1.060606061,1.151515152
Dominick Barlow,-0.929224951,-0.641823626,-0.287401325,SAS,SF/PF,28,14.55595238,3.928571429,0,3.642857143,0.857142857,0.357142857,0.678571429,0.534883721,3.071428571,0.72,0.892857143,0.535714286
Wenyen Gabriel,-0.908827496,-0.642666659,-0.266160837,LAL,PF/C,68,15.05514706,5.470588235,0.147058824,4.205882353,0.529411765,0.382352941,0.514705882,0.596153846,3.823529412,0.619047619,1.235294118,0.676470588
Usman Garuba,-0.917009116,-0.643225586,-0.273783529,HOU,PF/C,75,12.93222222,3,0.32,4.093333333,0.853333333,0.586666667,0.386666667,0.485875706,2.36,0.617021277,0.626666667,0.626666667
Obi Toppin,-0.927949001,-0.644928928,-0.283020073,NYK,PF,67,15.6778607,7.417910448,1.268656716,2.791044776,0.985074627,0.343283582,0.179104478,0.446300716,6.253731343,0.808510638,0.701492537,0.567164179
Derrick Jones,-0.955252642,-0.645401156,-0.309851486,CHI,SF/PF,64,13.95807292,4.984375,0.421875,2.390625,0.53125,0.453125,0.578125,0.5,3.59375,0.738095238,1.3125,0.390625
Ricky Rubio,-0.873392517,-0.646611256,-0.226781261,CLE,PG,33,17.1540404,5.181818182,0.636363636,2.121212121,3.484848485,0.787878788,0.181818182,0.342696629,5.393939394,0.8,1.060606061,0.939393939
Edmond Sumner,-0.873421183,-0.647176249,-0.226244933,BKN,PG/SG,53,13.89056604,7.132075472,0.58490566,1.490566038,1.283018868,0.58490566,0.188679245,0.460966543,5.075471698,0.916666667,2.037735849,0.943396226
Goga Bitadze,-0.929944274,-0.648290891,-0.281653383,ORL,C,38,12.02105263,4.394736842,0.157894737,3.605263158,1.026315789,0.421052632,0.684210526,0.552,3.289473684,0.547619048,1.105263158,0.578947368
P.J. Tucker,-0.929614069,-0.649037945,-0.280576124,PHI,PF/C,75,25.60088889,3.546666667,0.733333333,3.933333333,0.8,0.52,0.2,0.426666667,3,0.826086957,0.306666667,0.586666667
Luke Kornet,-0.966525544,-0.651605812,-0.314919732,BOS,C,69,11.65434783,3.782608696,0.043478261,2.855072464,0.768115942,0.15942029,0.666666667,0.664705882,2.463768116,0.820512821,0.565217391,0.362318841
Stanley Johnson,-0.856865551,-0.653570494,-0.203295058,FA,PF,30,15.64944444,5.8,0.6,3.166666667,2.233333333,0.533333333,0.2,0.532786885,4.066666667,0.666666667,1.3,1.1
Nerlens Noel,-0.914668283,-0.659752684,-0.254915599,FA,C,17,11.45098039,2.058823529,0.058823529,2.705882353,0.588235294,0.941176471,0.588235294,0.361111111,2.117647059,0.666666667,0.705882353,0.764705882
George Hill,-0.918996998,-0.660152832,-0.258844166,IND,PG/SG,46,18.13985507,5.043478261,0.739130435,1.847826087,2.391304348,0.565217391,0.130434783,0.469879518,3.608695652,0.763636364,1.195652174,0.739130435
Doug McDermott,-0.896331964,-0.662534036,-0.233797928,SAS,PF,64,20.53567708,10.21875,1.921875,2.171875,1.421875,0.203125,0.09375,0.456978967,8.171875,0.757142857,1.09375,0.90625
Christian Koloko,-0.983348298,-0.664201531,-0.319146767,TOR,C,58,13.82528736,3.137931034,0.017241379,2.948275862,0.534482759,0.362068966,0.982758621,0.48,2.586206897,0.627118644,1.017241379,0.344827586
Dru Smith,-1.006126028,-0.664925484,-0.341200544,BKN,SG,15,10.56,2.933333333,0.333333333,1.6,1.466666667,0.666666667,0.266666667,0.4,3,1,0.2,0.2
Dyson Daniels,-0.890751457,-0.66564166,-0.225109797,NOR,SG/SF,59,17.66073446,3.847457627,0.457627119,3.186440678,2.271186441,0.728813559,0.186440678,0.418269231,3.525423729,0.65,0.677966102,0.966101695
Rodney McGruder,-0.987676675,-0.667903717,-0.319772958,DET,SG/SF,32,16.37135417,5.71875,1.28125,2.3125,0.875,0.5,0.03125,0.407894737,4.75,0.818181818,0.6875,0.34375
Jock Landale,-0.911785214,-0.66937147,-0.242413743,PHO,C,69,14.18236715,6.608695652,0.304347826,4.057971014,0.985507246,0.231884058,0.434782609,0.528189911,4.884057971,0.752380952,1.52173913,0.855072464
John Wall,-0.685493355,-0.670137499,-0.015355856,FA,PG,34,22.19901961,11.35294118,0.970588235,2.705882353,5.235294118,0.794117647,0.352941176,0.408284024,9.941176471,0.681415929,3.323529412,2.352941176
Nassir Little,-0.945738149,-0.674154548,-0.2715836,POR,SF/PF,54,18.07438272,6.648148148,1.074074074,2.611111111,0.925925926,0.37037037,0.37037037,0.442244224,5.611111111,0.717391304,0.851851852,0.666666667
Davion Mitchell,-0.929878631,-0.674660652,-0.255217979,SAC,PG/SG,80,18.085625,5.625,0.7875,1.3125,2.3125,0.55,0.1875,0.453634085,4.9875,0.806451613,0.3875,0.775
DeAndre Jordan,-0.864650309,-0.678118114,-0.186532195,DEN,C,39,15.02179487,5.102564103,0.025641026,5.179487179,0.871794872,0.307692308,0.58974359,0.765217391,2.948717949,0.458333333,1.230769231,1.230769231
Tre Mann,-0.913974234,-0.680793874,-0.23318036,OKC,PG/SG,67,17.66094527,7.71641791,1.208955224,2.313432836,1.791044776,0.597014925,0.164179104,0.393213573,7.47761194,0.763636364,0.820895522,0.925373134
Darius Bazley,-0.959478302,-0.681143169,-0.278335133,PHO,SF/PF,43,14.32790698,5.209302326,0.465116279,3.209302326,0.88372093,0.511627907,0.790697674,0.453551913,4.255813953,0.542857143,1.627906977,0.627906977
Nickeil Alexander-Walker,-0.913994596,-0.681732699,-0.232261897,MIN,SG/SF,59,14.97570621,6.152542373,1.033898305,1.711864407,1.830508475,0.542372881,0.355932203,0.444067797,5,0.666666667,1.016949153,0.93220339
Will Barton,-0.927267458,-0.683412556,-0.243854902,TOR,SG/SF,56,17.73125,6.767857143,1.178571429,2.446428571,2,0.5,0.232142857,0.379120879,6.5,0.787234043,0.839285714,0.857142857
Vlatko Cancar,-0.964905022,-0.684451714,-0.280453308,DEN,PF/C,60,14.81722222,4.95,0.716666667,2.133333333,1.333333333,0.366666667,0.233333333,0.475770925,3.783333333,0.926829268,0.683333333,0.616666667
Blake Griffin,-0.977686687,-0.685018147,-0.29266854,BOS,PF/C,41,13.87560976,4.146341463,0.56097561,3.780487805,1.487804878,0.341463415,0.219512195,0.484615385,3.170731707,0.65625,0.780487805,0.536585366
Day'Ron Sharpe,-0.926391111,-0.685040744,-0.241350367,BKN,PF/C,48,11.51006944,4.729166667,0.125,4.166666667,0.770833333,0.3125,0.666666667,0.543859649,3.5625,0.636363636,1.145833333,0.875
Haywood Highsmith,-0.933651484,-0.685877696,-0.247773788,MIA,PF,54,17.95,4.37037037,0.685185185,3.481481481,0.796296296,0.666666667,0.314814815,0.430555556,4,0.464285714,0.518518519,0.833333333
Lindy Waters III,-1.024754775,-0.687402467,-0.337352308,OKC,SG/SF,41,12.94308943,5.219512195,1.414634146,1.829268293,0.682926829,0.341463415,0.268292683,0.393258427,4.341463415,0.8,0.487804878,0.243902439
Chris Duarte,-0.926769997,-0.687575376,-0.239194622,IND,SG/SF,46,19.50434783,7.869565217,1.195652174,2.5,1.391304348,0.543478261,0.195652174,0.369369369,7.239130435,0.847222222,1.565217391,0.891304348
Romeo Langford,-0.956282387,-0.687707084,-0.268575303,SAS,SG/SF,43,19.63410853,6.906976744,0.372093023,2.651162791,1.162790698,0.558139535,0.302325581,0.467181467,6.023255814,0.696428571,1.302325581,0.697674419
Orlando Robinson,-0.986127122,-0.689763219,-0.296363902,MIA,PF,31,13.71290323,3.741935484,0,4.064516129,0.806451613,0.387096774,0.387096774,0.528089888,2.870967742,0.709677419,1,0.516129032
Danny Green,-0.929356987,-0.69227257,-0.237084417,CLE,SF,11,12.60909091,5.545454545,1.454545455,1.272727273,0.545454545,0.545454545,0.272727273,0.448979592,4.454545455,1,0.090909091,0.909090909
Dario Saric,-0.921078102,-0.692438344,-0.228639759,OKC,PF/C,57,14.1377193,6.350877193,0.789473684,3.631578947,1.298245614,0.350877193,0.122807018,0.458483755,4.859649123,0.828947368,1.333333333,0.964912281
Ochai Agbaji,-0.964808995,-0.694914353,-0.269894643,UTA,SG/SF,59,20.49350282,7.915254237,1.372881356,2.050847458,1.13559322,0.271186441,0.254237288,0.42746114,6.542372881,0.811594203,1.169491525,0.694915254
Lamar Stevens,-1.010160317,-0.700255004,-0.309905314,CLE,SG/SF,62,18.07096774,5.290322581,0.483870968,3.338709677,0.532258065,0.435483871,0.306451613,0.447916667,4.64516129,0.701754386,0.919354839,0.435483871
Chimezie Metu,-1.00544116,-0.702714602,-0.302726559,SAC,PF/C,66,10.43787879,4.863636364,0.136363636,3,0.606060606,0.333333333,0.318181818,0.589041096,3.318181818,0.739726027,1.106060606,0.484848485
Jaden Hardy,-0.934242921,-0.703253555,-0.230989366,DAL,PG,48,14.75798611,8.75,1.3125,1.854166667,1.354166667,0.354166667,0.145833333,0.438438438,6.9375,0.82278481,1.645833333,0.958333333
Cam Thomas,-0.912099709,-0.703377002,-0.208722707,BKN,SG/SF,57,16.6245614,10.59649123,0.894736842,1.666666667,1.368421053,0.350877193,0.122807018,0.440789474,8,0.867816092,3.052631579,1.105263158
Austin Rivers,-1.018637715,-0.708710327,-0.309927388,MIN,SG/SF,52,19.54262821,4.903846154,0.826923077,1.596153846,1.442307692,0.538461538,0.076923077,0.435406699,4.019230769,0.769230769,0.75,0.442307692
Bruno Fernando,-0.9891027,-0.709244378,-0.279858322,ATL,C,39,10.38803419,3.923076923,0,3.512820513,0.794871795,0.153846154,0.871794872,0.526785714,2.871794872,0.7,1.282051282,0.641025641
Svi Mykhailiuk,-0.974098634,-0.710597294,-0.26350134,CHA,SG/SF,32,14.62083333,6.9375,1.3125,1.65625,1.65625,0.46875,0.125,0.445086705,5.40625,0.666666667,1.21875,0.75
Sandro Mamukelashvili,-0.966604031,-0.712556425,-0.254047606,SAS,PF/C,43,15.33992248,6.11627907,0.697674419,4.302325581,1.441860465,0.325581395,0.279069767,0.42173913,5.348837209,0.684210526,1.325581395,0.813953488
Kevin Knox,-0.973808404,-0.716223486,-0.257584918,POR,SF/PF,63,15.10608466,6.587301587,1.031746032,2.80952381,0.523809524,0.380952381,0.19047619,0.457831325,5.26984127,0.766666667,0.952380952,0.793650794
Kai Jones,-0.992459771,-0.716661699,-0.275798072,CHA,PF/C,46,11.94782609,3.413043478,0.086956522,2.673913043,0.326086957,0.369565217,0.652173913,0.558333333,2.608695652,0.730769231,0.565217391,0.673913043
Christian Braun,-1.026271958,-0.717952211,-0.308319747,DEN,SG/SF,76,15.54057018,4.736842105,0.447368421,2.381578947,0.776315789,0.539473684,0.223684211,0.494809689,3.802631579,0.625,0.842105263,0.460526316
Jeff Green,-0.976859526,-0.72268007,-0.254179456,DEN,PF/C,56,19.48392857,7.803571429,0.535714286,2.571428571,1.232142857,0.321428571,0.303571429,0.487804878,5.857142857,0.743589744,2.089285714,0.821428571
Damian Jones,-1.024820898,-0.730203055,-0.294617843,UTA,C,41,11.64227642,3.463414634,0.243902439,2.975609756,0.365853659,0.195121951,0.512195122,0.639534884,2.097560976,0.75862069,0.707317073,0.56097561
Dewayne Dedmon,-1.012150011,-0.732004849,-0.280145162,PHI,C,38,11.21535088,5.236842105,0.315789474,3.526315789,0.684210526,0.236842105,0.5,0.509933775,3.973684211,0.673469388,1.289473684,0.657894737
Saben Lee,-0.967961875,-0.733450628,-0.234511248,PHO,PG,25,14.93933333,6.04,0.44,1.8,2.68,0.76,0.04,0.404958678,4.84,0.736842105,2.28,0.96
R.J. Hampton,-0.980734205,-0.735855311,-0.244878894,DET,PG/SG,47,15.94893617,6.425531915,0.872340426,1.85106383,1.14893617,0.574468085,0.191489362,0.430379747,5.042553191,0.75,1.617021277,0.893617021
Aaron Holiday,-1.034814962,-0.740495738,-0.294319224,ATL,PG,63,13.41613757,3.920634921,0.571428571,1.174603175,1.412698413,0.587301587,0.19047619,0.418181818,3.492063492,0.84375,0.507936508,0.571428571
Jaxson Hayes,-1.021448987,-0.740497035,-0.280951952,NOR,PF/C,47,12.97836879,4.957446809,0.063829787,2.808510638,0.723404255,0.425531915,0.404255319,0.551282051,3.319148936,0.698795181,1.765957447,0.659574468
Oshae Brissett,-1.043940213,-0.742089217,-0.301850996,IND,SF/PF,65,16.6625641,6.123076923,0.738461538,3.353846154,0.676923077,0.507692308,0.2,0.385579937,4.907692308,0.717241379,2.230769231,0.523076923
Montrezl Harrell,-1.032446639,-0.744133967,-0.288312672,PHI,PF/C,57,11.94736842,5.614035088,0,2.789473684,0.578947368,0.298245614,0.438596491,0.598086124,3.666666667,0.693069307,1.771929825,0.614035088
Zeke Nnaji,-1.03907498,-0.746099147,-0.292975833,DEN,PF/C,53,13.73113208,5.226415094,0.320754717,2.603773585,0.339622642,0.320754717,0.433962264,0.56122449,3.698113208,0.64516129,1.169811321,0.58490566
Nikola Jovic,-1.030002461,-0.749056159,-0.280946302,MIA,SF,15,13.62666667,5.466666667,0.533333333,2.066666667,0.666666667,0.466666667,0.133333333,0.405797101,4.6,0.947368421,1.266666667,0.666666667
Garrison Mathews,-1.078058878,-0.749335591,-0.328723286,ATL,SG/SF,54,12.70833333,4.759259259,1.166666667,1.351851852,0.481481481,0.444444444,0.092592593,0.36318408,3.722222222,0.905660377,0.981481481,0.351851852
Eugene Omoruyi,-1.004154419,-0.750793656,-0.253360762,DET,SG,40,16.135,6.95,0.625,2.775,0.7,0.7,0.075,0.442982456,5.7,0.68,1.875,0.85
Evan Fournier,-1.011581842,-0.752652809,-0.258929033,NYK,SG/SF,27,16.98703704,6.111111111,1.296296296,1.814814815,1.333333333,0.592592593,0.111111111,0.337349398,6.148148148,0.857142857,0.777777778,0.814814815
David Roddy,-1.015483095,-0.756049266,-0.259433829,MEM,SF/PF,70,17.97642857,6.657142857,0.928571429,2.757142857,0.842857143,0.414285714,0.271428571,0.428571429,6,0.630769231,0.928571429,0.814285714
Rudy Gay,-1.041574467,-0.758539999,-0.283034468,UTA,PF/C,56,14.5639881,5.232142857,0.589285714,2.910714286,1.017857143,0.339285714,0.321428571,0.379790941,5.125,0.857142857,0.875,0.660714286
Justin Holiday,-1.071695907,-0.760719692,-0.310976215,DAL,SG/SF,46,15.34891304,4.456521739,1,1.195652174,0.891304348,0.413043478,0.413043478,0.37745098,4.434782609,0.625,0.173913043,0.47826087
Wesley Matthews,-1.092399942,-0.761315107,-0.331084835,MIL,SG/SF,52,15.77788462,3.442307692,0.75,2.173076923,0.653846154,0.384615385,0.25,0.3625,3.076923077,0.857142857,0.538461538,0.346153846
Davis Bertans,-1.117096349,-0.766561349,-0.350535,DAL,PF/C,45,10.92888889,4.577777778,1.222222222,1.177777778,0.466666667,0.244444444,0.177777778,0.43125,3.555555556,0.866666667,0.333333333,0.222222222
Cody Zeller,-1.012306388,-0.769273277,-0.243033112,MIA,C,15,14.44111111,6.533333333,0,4.266666667,0.666666667,0.2,0.266666667,0.627118644,3.933333333,0.685714286,2.333333333,0.933333333
Kendrick Nunn,-1.014350781,-0.772374334,-0.241976446,WAS,PG/SG,70,13.76261905,7.085714286,1.128571429,1.557142857,1.285714286,0.4,0.1,0.424444444,6.428571429,0.853658537,0.585714286,0.942857143
Duncan Robinson,-1.065105607,-0.780258956,-0.284846651,MIA,SG/SF/PF,42,16.44563492,6.380952381,1.5,1.642857143,1.095238095,0.333333333,0,0.371308017,5.642857143,0.90625,0.761904762,0.666666667
Patty Mills,-1.0530292,-0.780757797,-0.272271403,BKN,PG/SG,40,14.16583333,6.15,1.225,1.1,1.4,0.375,0.075,0.411483254,5.225,0.833333333,0.75,0.75
Ousmane Dieng,-1.073261034,-0.787508224,-0.28575281,OKC,SF/PF,39,14.58247863,4.948717949,0.666666667,2.692307692,1.179487179,0.358974359,0.179487179,0.419889503,4.641025641,0.652173913,0.58974359,0.666666667
Gorgui Dieng,-1.024744899,-0.793664893,-0.231080006,SAS,C,31,11.5516129,3.903225806,0.677419355,3.451612903,1.709677419,0.129032258,0.451612903,0.384615385,3.774193548,0.769230769,0.419354839,1.032258065
Raul Neto,-1.117060702,-0.803974413,-0.313086289,CLE,PG,48,10.52569444,3.270833333,0.25,0.958333333,1.645833333,0.354166667,0.083333333,0.518181818,2.291666667,0.911764706,0.708333333,0.5
Kevon Harris,-1.099766707,-0.804460926,-0.295305782,ORL,SG/SF,34,13.43970588,4.147058824,0.470588235,2.058823529,0.470588235,0.5,0.147058824,0.439252336,3.147058824,0.756097561,1.205882353,0.617647059
Juan Hernangomez,-1.139805168,-0.804934416,-0.334870752,FA,PF/C,42,14.60714286,2.904761905,0.404761905,2.928571429,0.595238095,0.380952381,0.142857143,0.421052632,2.714285714,0.5625,0.380952381,0.357142857
Markieff Morris,-1.116113925,-0.805058563,-0.311055362,DAL,PF/C,35,10.1452381,3.771428571,0.8,2.028571429,0.885714286,0.257142857,0.142857143,0.408695652,3.285714286,1,0.285714286,0.514285714
Admiral Schofield,-1.134597611,-0.810454594,-0.324143017,ORL,SF/PF,37,12.19504505,4.189189189,0.648648649,1.675675676,0.837837838,0.216216216,0.135135135,0.450819672,3.297297297,0.913043478,0.621621622,0.432432432
McKinley Wright,-1.096198206,-0.812889455,-0.283308751,DAL,PG,27,12.40864198,4.222222222,0.333333333,1.740740741,2.148148148,0.296296296,0.185185185,0.469387755,3.62962963,0.684210526,0.703703704,0.703703704
Josh Christopher,-1.063215531,-0.815087519,-0.248128012,HOU,SG,64,12.28359375,5.8125,0.328125,1.109375,1.140625,0.515625,0.234375,0.465045593,5.140625,0.75,0.9375,0.9375
Danuel House,-1.137089644,-0.816963592,-0.320126052,PHI,SF,56,14.40892857,4.785714286,0.660714286,1.678571429,0.785714286,0.25,0.160714286,0.472081218,3.517857143,0.75,1.071428571,0.464285714
John Butler Jr,-1.199884193,-0.817289539,-0.382594654,POR,C,19,11.6377193,2.368421053,0.421052632,0.894736842,0.578947368,0.368421053,0.473684211,0.320754717,2.789473684,0.75,0.210526316,0.052631579
Moses Moody,-1.131188025,-0.821881283,-0.309306742,GSW,SG/SF,63,12.97010582,4.793650794,0.777777778,1.666666667,0.80952381,0.285714286,0.111111111,0.475770925,3.603174603,0.698113208,0.841269841,0.53968254
Payton Pritchard,-1.090262819,-0.825087772,-0.265175047,BOS,PG,48,13.38993056,5.625,1.166666667,1.833333333,1.333333333,0.291666667,0.020833333,0.412244898,5.104166667,0.75,0.333333333,0.833333333
Jared Rhoden,-1.187087053,-0.827705458,-0.359381594,DET,SG,14,14.13214286,3.214285714,0.357142857,2.642857143,0.285714286,0.285714286,0.071428571,0.386363636,3.142857143,1,0.428571429,0.214285714
Malachi Flynn,-1.149750061,-0.829216495,-0.320533566,TOR,PG,53,13.0336478,4.641509434,0.886792453,1.433962264,1.320754717,0.396226415,0.075471698,0.359504132,4.566037736,0.757575758,0.622641509,0.471698113
Miles McBride,-1.163733144,-0.830717158,-0.333015986,NYK,PG,64,11.87526042,3.46875,0.625,0.78125,1.125,0.578125,0.125,0.358139535,3.359375,0.666666667,0.65625,0.390625
Ziaire Williams,-1.073731541,-0.832860153,-0.240871389,MEM,SF,37,15.1545045,5.675675676,0.675675676,2.135135135,0.945945946,0.378378378,0.162162162,0.428571429,5.297297297,0.772727273,0.594594595,1
Kessler Edwards,-1.169478867,-0.833236767,-0.3362421,SAC,SF/PF,35,11.02,2.857142857,0.485714286,1.742857143,0.657142857,0.4,0.171428571,0.387096774,2.657142857,0.733333333,0.428571429,0.371428571
Max Christie,-1.181547575,-0.83663734,-0.344910235,LAL,SG,41,12.49756098,3.12195122,0.634146341,1.829268293,0.512195122,0.219512195,0.170731707,0.41509434,2.585365854,0.875,0.390243902,0.317073171
Taj Gibson,-1.147618264,-0.836753403,-0.310864862,WAS,PF/C,48,10.01006944,3.5,0.166666667,1.9375,0.708333333,0.3125,0.25,0.52,2.604166667,0.714285714,0.875,0.541666667
MarJon Beauchamp,-1.098613842,-0.836831452,-0.261782391,MIL,SG/SF/PF,52,13.48685897,5.115384615,0.903846154,2.211538462,0.673076923,0.403846154,0.134615385,0.395061728,4.673076923,0.72972973,0.711538462,0.865384615
Juan Toscano-Anderson,-1.131453182,-0.837506359,-0.293946823,UTA,SF/PF,52,13.46185897,2.980769231,0.153846154,2.384615385,1.25,0.307692308,0.192307692,0.447552448,2.75,0.791666667,0.461538462,0.653846154
J.T. Thor,-1.135366077,-0.838805429,-0.296560648,CHA,SF/PF,69,14.03961353,3.797101449,0.565217391,2.202898551,0.52173913,0.31884058,0.333333333,0.399159664,3.449275362,0.70212766,0.68115942,0.637681159
Caleb Houstan,-1.182458194,-0.842281826,-0.340176368,ORL,SF,51,15.9248366,3.784313725,0.901960784,1.941176471,0.588235294,0.235294118,0.137254902,0.362637363,3.568627451,0.833333333,0.352941176,0.352941176
Simone Fontecchio,-1.132630895,-0.851514859,-0.281116036,UTA,SF,52,14.72564103,6.307692308,1.211538462,1.653846154,0.807692308,0.288461538,0.153846154,0.368589744,6,0.795454545,0.846153846,0.75
Jake LaRavia,-1.170370807,-0.853286902,-0.317083904,MEM,SF/PF,35,11.8352381,3,0.685714286,1.8,0.6,0.342857143,0.114285714,0.389473684,2.714285714,0.777777778,0.257142857,0.514285714
Derrick Rose,-1.129494991,-0.857464497,-0.272030494,NYK,PG,27,12.51358025,5.62962963,0.703703704,1.481481481,1.703703704,0.259259259,0.185185185,0.383647799,5.888888889,0.916666667,0.444444444,0.814814815
Brandon Boston Jr.,-1.173232573,-0.860032288,-0.313200286,LAC,SF,22,11.28787879,6.5,0.545454545,1.363636364,0.909090909,0.409090909,0,0.418032787,5.545454545,0.763157895,1.727272727,0.545454545
Jeff Dowtin Jr,-1.227047429,-0.861300063,-0.365747366,TOR,PG,25,10.348,2.44,0.2,0.92,1.24,0.36,0.12,0.438596491,2.28,0.666666667,0.36,0.2
TyTy Washington,-1.191102422,-0.863266641,-0.327835781,HOU,PG,31,13.95860215,4.677419355,0.612903226,1.451612903,1.516129032,0.483870968,0.064516129,0.3625,5.161290323,0.555555556,0.580645161,0.451612903
Goran Dragic,-1.097760213,-0.865839756,-0.231920457,MIL,PG/SG,58,15.00028736,6.293103448,0.896551724,1.396551724,2.603448276,0.224137931,0.068965517,0.420895522,5.775862069,0.688888889,0.775862069,1.086206897
Serge Ibaka,-1.159975423,-0.867396037,-0.292579386,FA,PF/C,16,11.584375,4.125,0.375,2.75,0.25,0.125,0.4375,0.481481481,3.375,0.615384615,0.8125,0.6875
James Bouknight,-1.128088084,-0.873247603,-0.254840481,CHA,PG/SG,34,15.16078431,5.617647059,0.970588235,2.117647059,1.205882353,0.411764706,0.147058824,0.357512953,5.676470588,0.666666667,0.882352941,0.941176471
Johnny Davis,-1.184762447,-0.878596716,-0.306165731,WAS,SG/SF,28,15.09166667,5.821428571,0.607142857,2.321428571,1,0.357142857,0.285714286,0.385964912,6.107142857,0.518518519,0.964285714,0.607142857
Isaiah Roby,-1.172319959,-0.885189252,-0.287130707,NYK,PF/C,42,11.2765873,4.095238095,0.428571429,2.547619048,0.904761905,0.428571429,0.166666667,0.432258065,3.69047619,0.487804878,0.976190476,0.738095238
Jabari Walker,-1.208109299,-0.887313662,-0.320795638,POR,PF,56,11.05595238,3.857142857,0.285714286,2.339285714,0.607142857,0.178571429,0.232142857,0.419191919,3.535714286,0.755555556,0.803571429,0.517857143
Johnny Juzang,-1.267255848,-0.89254751,-0.374708338,UTA,SG,18,12.90277778,4.833333333,0.833333333,2.166666667,0.444444444,0.222222222,0.166666667,0.336538462,5.777777778,0.5,0.222222222,0.166666667
Bryce McGowens,-1.151156565,-0.89289102,-0.258265545,CHA,SG/SF,46,17.1076087,5.347826087,0.565217391,2.02173913,1.173913043,0.326086957,0.130434783,0.396039604,4.391304348,0.75,1.739130435,0.934782609
Anthony Gill,-1.259747271,-0.897677835,-0.362069436,WAS,PF/C,59,10.58446328,3.305084746,0.06779661,1.677966102,0.576271186,0.118644068,0.203389831,0.537878788,2.237288136,0.731343284,1.13559322,0.254237288
Daishen Nix,-1.073012545,-0.90080406,-0.172208485,HOU,SG,57,16.04035088,3.964912281,0.701754386,1.719298246,2.315789474,0.543859649,0.122807018,0.341772152,4.157894737,0.666666667,0.631578947,1.50877193
Keon Johnson,-1.156821767,-0.916828213,-0.239993554,POR,SG/SF,40,10.40666667,4.725,0.7,1.1,1.475,0.475,0.15,0.376404494,4.45,0.658536585,1.025,1.075
Bryn Forbes,-1.24709015,-0.916860123,-0.330230028,FA,PG/SG,25,10.70866667,3.56,0.56,0.6,0.68,0.28,0.08,0.361445783,3.32,1,0.6,0.48
Trent Forrest,-1.225630859,-0.920994429,-0.304636429,ATL,SG,23,12.04130435,2.260869565,0,1.608695652,1.652173913,0.304347826,0.086956522,0.416666667,2.608695652,0.666666667,0.130434783,0.652173913
Frank Ntilikina,-1.236743489,-0.926133709,-0.31060978,DAL,PG/SG,47,12.9248227,2.872340426,0.361702128,1.319148936,1.234042553,0.340425532,0.14893617,0.363636364,2.808510638,0.666666667,0.70212766,0.617021277
Duane Washington,-1.176247619,-0.937030823,-0.239216797,NYK,PG,31,12.70430108,7.870967742,1.290322581,1.161290323,2.032258065,0.193548387,0.129032258,0.3671875,8.258064516,0.666666667,0.774193548,1.096774194
Blake Wesley,-1.100384939,-0.958563704,-0.141821235,SAS,SG,37,18.08288288,4.972972973,0.540540541,2.189189189,2.648648649,0.675675676,0.135135135,0.320930233,5.810810811,0.590909091,1.189189189,1.756756757
Amir Coffey,-1.317021415,-0.970933181,-0.346088234,LAC,SG/SF,50,12.50366667,3.44,0.22,1.06,1.06,0.14,0.1,0.386206897,2.9,0.777777778,1.26,0.42
